Time [s], RESP, PLETH, II, V, AVR, CVP
0,0.20626,0.18866,0.46552,0.53033,0.43966,37.04
0.008,0.20821,0.20137,0.46552,0.52544,0.4298,37.04
0.016,0.21017,0.21994,0.47537,0.53523,0.41995,37.04
0.024,0.21114,0.2522,0.49015,0.54501,0.41502,37.04
0.032,0.2131,0.29717,0.50493,0.5499,0.40025,37.04
0.04,0.21408,0.35288,0.51478,0.55479,0.38547,37.04
0.048,0.21603,0.4174,0.54557,0.55969,0.35468,37.04
0.056,0.21701,0.48778,0.56527,0.57045,0.3399,37.04
0.064,0.21799,0.55523,0.58498,0.58023,0.31527,37.04
0.072,0.21896,0.6129,0.5899,0.58513,0.31527,37.04
0.08,0.21994,0.6608,0.55542,0.56458,0.34483,37.04
0.088,0.22092,0.70186,0.5197,0.54501,0.37562,37.04
0.096,0.2219,0.73412,0.49015,0.53033,0.40517,37.04
0.104,0.2219,0.75855,0.46552,0.51468,0.43966,37.04
0.112,0.22287,0.77322,0.43966,0.50489,0.47044,37.04
0.12,0.22287,0.78104,0.41502,0.49511,0.49015,37.04
0.128,0.22287,0.78397,0.39532,0.49022,0.51478,37.04
0.136,0.22287,0.78201,0.38547,0.49022,0.5197,37.04
0.144,0.22287,0.77419,0.39039,0.49511,0.5197,37.04
0.152,0.2219,0.76246,0.39039,0.49022,0.5197,37.04
0.16,0.2219,0.7478,0.39532,0.48532,0.5197,37.04
0.168,0.2219,0.72923,0.39039,0.49511,0.5197,37.04
0.176,0.2219,0.7087,0.39532,0.5,0.51478,37.04
0.184,0.22092,0.68622,0.39532,0.50489,0.51478,37.04
0.192,0.21994,0.66178,0.40517,0.50978,0.50493,37.04
0.2,0.21799,0.63832,0.39532,0.51957,0.49507,37.04
0.208,0.21603,0.61779,0.42488,0.57534,0.57512,37.04
0.216,0.21505,0.59824,0.46059,0.63992,0.6601,37.04
0.224,0.2131,0.57869,0.47044,0.64971,0.74507,37.04
0.232,0.21114,0.55816,0.45443,0.48043,0.76478,37.04
0.24,0.20919,0.53666,0.4803,0.27495,0.66995,37.04
0.248,0.20821,0.51613,0.44951,0.23483,0.71552,37.04
0.256,0.20626,0.49658,0.39039,0.33953,0.7303,37.04
0.264,0.2043,0.47703,0.37562,0.42955,0.61453,37.04
0.272,0.20332,0.45943,0.41502,0.49511,0.50985,37.04
0.28,0.20137,0.44282,0.41995,0.50978,0.47044,37.04
0.288,0.20039,0.4262,0.4101,0.51468,0.44951,37.04
0.296,0.19844,0.40958,0.41502,0.51468,0.44951,37.04
0.304,0.19746,0.39296,0.4101,0.51468,0.44458,37.04
0.312,0.19648,0.37732,0.41502,0.51468,0.44458,37.04
0.32,0.1955,0.36364,0.4101,0.51468,0.44458,37.04
0.328,0.19453,0.34409,0.41995,0.51468,0.43966,37.04
0.336,0.19453,0.32649,0.41502,0.51468,0.43966,37.04
0.344,0.19453,0.31476,0.41995,0.51468,0.43473,37.04
0.352,0.19453,0.3001,0.41995,0.51468,0.43966,37.04
0.36,0.19453,0.28641,0.41995,0.50978,0.43473,37.04
0.368,0.19453,0.27468,0.41995,0.50978,0.43473,37.04
0.376,0.1955,0.26491,0.41995,0.50978,0.4298,37.04
0.384,0.19648,0.25513,0.42488,0.50978,0.43473,37.04
0.392,0.19746,0.24536,0.41995,0.50489,0.43473,37.04
0.4,0.19844,0.23656,0.41995,0.50978,0.4298,37.04
0.408,0.20039,0.22776,0.41502,0.50489,0.4298,37.04
0.416,0.20235,0.22092,0.4101,0.5,0.4298,37.04
0.424,0.2043,0.2131,0.4101,0.5,0.42488,37.04
0.432,0.20626,0.20528,0.4101,0.5,0.42488,37.04
0.44,0.20821,0.19844,0.41502,0.49511,0.41995,37.04
0.448,0.20919,0.19257,0.4101,0.49511,0.41502,37.04
0.456,0.21114,0.18866,0.40517,0.49511,0.40517,37.04
0.464,0.21212,0.18475,0.4101,0.49511,0.40025,37.04
0.472,0.2131,0.1828,0.41502,0.48532,0.40025,37.04
0.48,0.21505,0.17986,0.41502,0.48532,0.39039,37.04
0.488,0.21603,0.17791,0.41502,0.48532,0.38054,37.04
0.496,0.21701,0.17498,0.42488,0.48532,0.38054,37.04
0.504,0.21701,0.17107,0.4298,0.48532,0.38054,37.04
0.512,0.21799,0.16911,0.4298,0.48532,0.38054,37.04
0.52,0.21896,0.16813,0.43473,0.49022,0.38054,37.04
0.528,0.21994,0.16618,0.44458,0.5,0.38054,37.04
0.536,0.21994,0.16422,0.44458,0.50489,0.38547,37.04
0.544,0.21994,0.16227,0.44951,0.51468,0.39532,37.04
0.552,0.21896,0.16031,0.46059,0.51957,0.40025,37.04
0.56,0.21896,0.16031,0.46552,0.51957,0.40517,37.04
0.568,0.21799,0.16129,0.47044,0.53523,0.41502,37.04
0.576,0.21799,0.16325,0.47044,0.53523,0.42488,37.04
0.584,0.21701,0.1652,0.47044,0.53033,0.4298,37.04
0.592,0.21603,0.16716,0.47044,0.53033,0.43473,37.04
0.6,0.21505,0.16813,0.47537,0.53033,0.43473,37.04
0.608,0.21505,0.17009,0.47044,0.52544,0.43966,37.04
0.616,0.21505,0.17204,0.47044,0.53033,0.44458,37.04
0.624,0.21408,0.17302,0.47044,0.52544,0.44458,37.04
0.632,0.21408,0.174,0.47537,0.51957,0.44951,37.04
0.64,0.21408,0.17595,0.47537,0.51957,0.44951,37.04
0.648,0.21408,0.17791,0.47044,0.51957,0.44951,37.04
0.656,0.21408,0.17986,0.47044,0.51957,0.44951,37.04
0.664,0.21505,0.18182,0.47044,0.52544,0.44951,37.04
0.672,0.21505,0.1828,0.47044,0.53033,0.44458,37.04
0.68,0.21505,0.18475,0.47044,0.53033,0.44458,37.04
0.688,0.21603,0.18671,0.47044,0.53033,0.43966,37.04
0.696,0.21603,0.18866,0.47044,0.52544,0.43966,37.04
0.704,0.21701,0.19062,0.47044,0.53033,0.43966,37.04
0.712,0.21896,0.19355,0.46552,0.53033,0.43966,37.04
0.72,0.21994,0.19648,0.46552,0.53033,0.43966,37.04
0.728,0.2219,0.19941,0.47044,0.52544,0.43473,37.04
0.736,0.22287,0.20137,0.47044,0.53033,0.43966,37.04
0.744,0.22483,0.20235,0.47044,0.53033,0.43966,37.04
0.752,0.22678,0.20137,0.47044,0.53033,0.43473,37.04
0.76,0.22776,0.20039,0.4803,0.53033,0.43966,37.04
0.768,0.22972,0.19941,0.47537,0.53033,0.43966,37.04
0.776,0.23069,0.20039,0.4803,0.52544,0.43473,37.04
0.784,0.23167,0.20821,0.47537,0.52544,0.43966,37.04
0.792,0.23363,0.22483,0.47044,0.51468,0.43473,37.04
0.8,0.2346,0.2522,0.4803,0.53033,0.42488,37.04
0.808,0.23656,0.28446,0.49015,0.53033,0.41502,37.04
0.816,0.23851,0.32454,0.50493,0.53523,0.4101,37.04
0.824,0.23949,0.37732,0.51478,0.54501,0.39532,37.04
0.832,0.24047,0.43988,0.52956,0.55479,0.38054,37.04
0.84,0.24145,0.50733,0.55542,0.55969,0.35468,37.04
0.848,0.24242,0.57576,0.57512,0.57534,0.33005,37.04
0.856,0.24438,0.64027,0.59483,0.58023,0.31527,37.04
0.864,0.24536,0.6999,0.60468,0.58023,0.31034,37.04
0.872,0.24731,0.75073,0.56527,0.56458,0.3399,37.04
0.88,0.24829,0.79081,0.52956,0.54501,0.36946,37.04
0.888,0.24927,0.82111,0.49507,0.53033,0.40517,37.04
0.896,0.25024,0.84066,0.46552,0.50978,0.43473,37.04
0.904,0.25122,0.84946,0.44458,0.5,0.46059,37.04
0.912,0.2522,0.84946,0.41995,0.49511,0.49015,37.04
0.92,0.25415,0.84457,0.40025,0.49511,0.50493,37.04
0.928,0.25513,0.83382,0.39532,0.49511,0.51478,37.04
0.936,0.25611,0.81916,0.39532,0.49511,0.5197,37.04
0.944,0.25806,0.80254,0.39532,0.49511,0.5197,37.04
0.952,0.25904,0.78201,0.39532,0.49511,0.50985,37.04
0.96,0.26002,0.76051,0.40025,0.49511,0.51478,37.04
0.968,0.261,0.73607,0.39532,0.49511,0.51478,37.04
0.976,0.26197,0.70968,0.40025,0.49511,0.50985,37.04
0.984,0.26197,0.68231,0.40517,0.50978,0.50985,37.04
0.992,0.26197,0.65396,0.4101,0.51468,0.49507,37.04
1,0.261,0.62659,0.42488,0.57534,0.57512,37.04
1.008,0.261,0.60215,0.46552,0.63992,0.65025,37.04
1.016,0.26002,0.58065,0.4803,0.65558,0.74015,37.04
1.024,0.25904,0.55816,0.47537,0.5,0.75493,37.04
1.032,0.25806,0.53568,0.5,0.29941,0.67488,37.04
1.04,0.25709,0.51417,0.46059,0.24951,0.70936,37.04
1.048,0.25611,0.49365,0.40025,0.33953,0.72537,37.04
1.056,0.25513,0.47312,0.37562,0.42466,0.61946,37.04
1.064,0.25415,0.45161,0.41995,0.49511,0.50493,37.04
1.072,0.25318,0.43109,0.41995,0.50978,0.46059,37.04
1.08,0.2522,0.41251,0.4101,0.51468,0.44951,37.04
1.088,0.2522,0.39492,0.40517,0.51468,0.44951,37.04
1.096,0.25122,0.3783,0.4101,0.51468,0.44458,37.04
1.104,0.25122,0.36559,0.41502,0.51468,0.44458,37.04
1.112,0.25122,0.35679,0.41995,0.50978,0.43966,37.04
1.12,0.25024,0.348,0.41502,0.50978,0.43473,37.04
1.128,0.25024,0.34018,0.41995,0.50978,0.43473,37.04
1.136,0.25024,0.33138,0.41502,0.50978,0.43966,37.04
1.144,0.25024,0.3216,0.41995,0.50978,0.43966,37.04
1.152,0.25122,0.31281,0.41995,0.50978,0.43966,37.04
1.16,0.2522,0.30303,0.42488,0.50978,0.4298,37.04
1.168,0.25318,0.29326,0.42488,0.50978,0.4298,37.04
1.176,0.25415,0.28348,0.41995,0.5,0.4298,37.04
1.184,0.25611,0.27468,0.41502,0.5,0.43473,37.04
1.192,0.25904,0.26588,0.41995,0.5,0.42488,37.04
1.2,0.261,0.25904,0.41995,0.5,0.42488,37.04
1.208,0.26393,0.25415,0.41502,0.5,0.42488,37.04
1.216,0.26588,0.25122,0.4101,0.5,0.4298,37.04
1.224,0.26882,0.24731,0.4101,0.5,0.42488,37.04
1.232,0.27077,0.24242,0.4101,0.5,0.41995,37.04
1.24,0.2737,0.23949,0.40517,0.49022,0.4101,37.04
1.248,0.27664,0.23656,0.40517,0.48532,0.40517,37.04
1.256,0.28055,0.2346,0.4101,0.48532,0.40025,37.04
1.264,0.28348,0.23265,0.41502,0.48532,0.39532,37.04
1.272,0.28739,0.23069,0.41502,0.48532,0.39039,37.04
1.28,0.29032,0.22678,0.41502,0.48532,0.39039,37.04
1.288,0.29326,0.22287,0.41995,0.48532,0.38547,37.04
1.296,0.29619,0.21896,0.41995,0.48532,0.38054,37.04
1.304,0.29912,0.21505,0.41995,0.49022,0.38547,37.04
1.312,0.30303,0.2131,0.4298,0.49022,0.38054,37.04
1.32,0.30596,0.20919,0.42488,0.49511,0.39039,37.04
1.328,0.30987,0.20528,0.43966,0.50489,0.39039,37.04
1.336,0.31281,0.20235,0.44458,0.50978,0.39532,37.04
1.344,0.31672,0.19941,0.44458,0.50978,0.40025,37.04
1.352,0.31965,0.19746,0.44951,0.51957,0.4101,37.04
1.36,0.32258,0.19648,0.44458,0.51957,0.41995,37.04
1.368,0.32551,0.1955,0.44951,0.52544,0.4298,37.04
1.376,0.32845,0.1955,0.46059,0.53033,0.4298,37.04
1.384,0.33138,0.19648,0.46059,0.53033,0.43966,37.04
1.392,0.33431,0.19844,0.45443,0.53033,0.44458,37.04
1.4,0.33627,0.20235,0.46059,0.53523,0.44458,37.04
1.408,0.3392,0.20626,0.46059,0.53033,0.44951,37.04
1.416,0.34115,0.20919,0.45443,0.53033,0.44951,37.04
1.424,0.34409,0.21212,0.45443,0.53033,0.44951,37.04
1.432,0.34604,0.2131,0.46059,0.53033,0.44951,37.04
1.44,0.34897,0.21408,0.44951,0.53033,0.45443,37.04
1.448,0.35093,0.2131,0.46059,0.53033,0.44951,37.04
1.456,0.35386,0.21212,0.45443,0.53033,0.44951,37.04
1.464,0.35777,0.21017,0.46059,0.52544,0.44951,37.04
1.472,0.3607,0.20919,0.45443,0.53033,0.44951,37.04
1.48,0.36461,0.20821,0.46059,0.52544,0.44458,37.04
1.488,0.3695,0.20821,0.45443,0.52544,0.44951,37.04
1.496,0.37341,0.20821,0.45443,0.52544,0.44458,37.04
1.504,0.3783,0.20821,0.44951,0.52544,0.44951,37.04
1.512,0.38221,0.20919,0.45443,0.52544,0.44951,37.04
1.52,0.3871,0.20919,0.44951,0.53033,0.44951,37.04
1.528,0.39101,0.21017,0.45443,0.53033,0.44458,37.04
1.536,0.39589,0.21017,0.44951,0.53523,0.44951,37.04
1.544,0.40078,0.21017,0.46059,0.53033,0.44458,37.04
1.552,0.40469,0.21017,0.44951,0.52544,0.44951,37.04
1.56,0.40958,0.21114,0.44951,0.52544,0.44951,37.04
1.568,0.41544,0.21408,0.44951,0.53033,0.44951,37.04
1.576,0.42033,0.21994,0.45443,0.52544,0.44951,37.04
1.584,0.4262,0.23167,0.46059,0.52544,0.44458,37.04
1.592,0.43109,0.25024,0.46552,0.52544,0.43966,37.04
1.6,0.43597,0.27859,0.47044,0.53523,0.4298,37.04
1.608,0.43988,0.3089,0.49015,0.54012,0.41995,37.04
1.616,0.44379,0.34409,0.49015,0.5499,0.40517,37.04
1.624,0.44868,0.39296,0.50985,0.55479,0.39039,37.04
1.632,0.45357,0.44966,0.52463,0.56458,0.38054,37.04
1.64,0.45846,0.51222,0.54557,0.57534,0.35468,37.04
1.648,0.46334,0.57576,0.56527,0.58023,0.33498,37.04
1.656,0.46921,0.63636,0.5702,0.58513,0.33005,37.04
1.664,0.4741,0.6911,0.54557,0.57534,0.35468,37.04
1.672,0.47898,0.73803,0.50493,0.5499,0.38547,37.04
1.68,0.48387,0.77517,0.47537,0.53033,0.41995,37.04
1.688,0.48778,0.80254,0.44951,0.50978,0.43966,37.04
1.696,0.49169,0.81916,0.42488,0.50489,0.46552,37.04
1.704,0.4956,0.826,0.4101,0.5,0.49015,37.04
1.712,0.49951,0.82405,0.39039,0.49511,0.51478,37.04
1.72,0.50244,0.8172,0.38054,0.5,0.52463,37.04
1.728,0.50538,0.80547,0.38054,0.49511,0.5197,37.04
1.736,0.50831,0.78886,0.38054,0.49511,0.52463,37.04
1.744,0.51124,0.76931,0.38547,0.49511,0.5197,37.04
1.752,0.51417,0.7478,0.38547,0.5,0.51478,37.04
1.76,0.51711,0.72434,0.39532,0.5,0.51478,37.04
1.768,0.51906,0.69795,0.39532,0.49511,0.51478,37.04
1.776,0.52199,0.67253,0.39532,0.5,0.50493,37.04
1.784,0.52297,0.64614,0.40025,0.51468,0.49507,37.04
1.792,0.52493,0.62072,0.42488,0.57045,0.5702,37.04
1.8,0.52688,0.59433,0.46059,0.63014,0.65025,37.04
1.808,0.52786,0.56989,0.47044,0.64971,0.7303,37.04
1.816,0.52884,0.54839,0.49015,0.50489,0.75,37.04
1.824,0.53079,0.52493,0.5,0.29452,0.6601,37.04
1.832,0.53177,0.50342,0.46552,0.24462,0.70443,37.04
1.84,0.53275,0.48192,0.39532,0.32975,0.72044,37.04
1.848,0.53372,0.46237,0.36946,0.41977,0.61453,37.04
1.856,0.53568,0.44379,0.40025,0.49022,0.50985,37.04
1.864,0.53568,0.4262,0.40517,0.51468,0.47537,37.04
1.872,0.53666,0.4086,0.39532,0.51957,0.46552,37.04
1.88,0.53763,0.38905,0.39532,0.51468,0.45443,37.04
1.888,0.53861,0.36755,0.39532,0.51957,0.44951,37.04
1.896,0.53959,0.34702,0.39532,0.52544,0.44951,37.04
1.904,0.54057,0.32942,0.39532,0.52544,0.44951,37.04
1.912,0.54252,0.31378,0.40025,0.52544,0.44951,37.04
1.92,0.54448,0.29619,0.40517,0.51957,0.44458,37.04
1.928,0.54643,0.28055,0.4101,0.51957,0.43966,37.04
1.936,0.54936,0.26784,0.4101,0.51957,0.43966,37.04
1.944,0.55132,0.25611,0.4101,0.50978,0.43966,37.04
1.952,0.55425,0.24145,0.4101,0.50978,0.43473,37.04
1.96,0.55816,0.22776,0.41995,0.50978,0.4298,37.04
1.968,0.56109,0.21799,0.41502,0.51468,0.4298,37.04
1.976,0.56403,0.20723,0.41502,0.50978,0.4298,37.04
1.984,0.56794,0.19844,0.4101,0.50978,0.4298,37.04
1.992,0.57087,0.18866,0.41502,0.50978,0.42488,37.04
2,0.57478,0.17986,0.40517,0.50978,0.4298,37.04
2.008,0.57771,0.17302,0.40517,0.50489,0.42488,37.04
2.016,0.58162,0.16716,0.4101,0.50978,0.42488,37.04
2.024,0.58456,0.16129,0.40517,0.5,0.41995,37.04
2.032,0.58749,0.15543,0.40517,0.49511,0.41502,37.04
2.04,0.59042,0.14956,0.40025,0.49022,0.40517,37.04
2.048,0.59335,0.14467,0.40517,0.49022,0.40517,37.04
2.056,0.59629,0.14174,0.4101,0.49022,0.40025,37.04
2.064,0.6002,0.13978,0.4101,0.49022,0.39532,37.04
2.072,0.60313,0.13978,0.4101,0.49511,0.39039,37.04
2.08,0.60606,0.14076,0.4101,0.49022,0.39039,37.04
2.088,0.60899,0.14174,0.4101,0.49511,0.39039,37.04
2.096,0.61095,0.14272,0.41995,0.5,0.38054,37.04
2.104,0.61388,0.17595,0.41995,0.50489,0.38054,37.04
2.112,0.61584,0.22385,0.4298,0.50489,0.38547,37.04
2.12,0.61877,0.24829,0.43473,0.50978,0.39039,37.04
2.128,0.62072,0.25904,0.44458,0.50978,0.40025,37.04
2.136,0.62268,0.26491,0.44458,0.51957,0.4101,37.04
2.144,0.62463,0.26686,0.44951,0.52544,0.41502,37.04
2.152,0.62659,0.26588,0.44951,0.53523,0.42488,37.04
2.16,0.62854,0.26588,0.45443,0.53523,0.42488,37.04
2.168,0.62952,0.26588,0.44951,0.54012,0.43966,37.04
2.176,0.63148,0.26588,0.45443,0.53523,0.43966,37.04
2.184,0.63245,0.26686,0.46059,0.54012,0.43966,37.04
2.192,0.63343,0.26686,0.45443,0.53523,0.44458,37.04
2.2,0.63343,0.26882,0.44951,0.54012,0.44951,37.04
2.208,0.63441,0.26979,0.45443,0.53523,0.44951,37.04
2.216,0.63441,0.26979,0.45443,0.54012,0.44951,37.04
2.224,0.63441,0.26979,0.44951,0.54012,0.44951,37.04
2.232,0.63539,0.26979,0.45443,0.54012,0.44951,37.04
2.24,0.63539,0.26882,0.45443,0.53523,0.44951,37.04
2.248,0.63636,0.26882,0.44951,0.53523,0.44951,37.04
2.256,0.63734,0.26882,0.44951,0.53523,0.44951,37.04
2.264,0.63734,0.26882,0.44951,0.53523,0.44951,37.04
2.272,0.63734,0.26979,0.44458,0.53523,0.44951,37.04
2.28,0.63832,0.27077,0.44458,0.54012,0.44951,37.04
2.288,0.63832,0.27077,0.44458,0.53523,0.44951,37.04
2.296,0.6393,0.27273,0.44951,0.53523,0.44951,37.04
2.304,0.64027,0.2737,0.44458,0.53523,0.44951,37.04
2.312,0.64223,0.27468,0.45443,0.53523,0.44458,37.04
2.32,0.64418,0.2737,0.45443,0.53523,0.44458,37.04
2.328,0.64516,0.27273,0.44951,0.53523,0.44458,37.04
2.336,0.64614,0.27175,0.45443,0.53523,0.44951,37.04
2.344,0.64712,0.27077,0.45443,0.53523,0.44458,37.04
2.352,0.64712,0.27175,0.45443,0.53523,0.44458,37.04
2.36,0.64809,0.2737,0.46059,0.53523,0.44458,37.04
2.368,0.64907,0.2825,0.44951,0.53523,0.44951,37.04
2.376,0.65005,0.30205,0.45443,0.53033,0.44458,37.04
2.384,0.65103,0.3304,0.45443,0.53523,0.44458,37.04
2.392,0.652,0.36657,0.47044,0.53523,0.4298,37.04
2.4,0.65298,0.40274,0.4803,0.5499,0.42488,37.04
2.408,0.65298,0.43988,0.49015,0.55479,0.4101,37.04
2.416,0.65298,0.48387,0.50493,0.55969,0.39532,37.04
2.424,0.65298,0.52981,0.52463,0.56458,0.37562,37.04
2.432,0.65298,0.57576,0.53941,0.58023,0.35468,37.04
2.44,0.65298,0.61681,0.56034,0.59002,0.33005,37.04
2.448,0.65298,0.65298,0.5702,0.58513,0.33005,37.04
2.456,0.65298,0.68231,0.53941,0.57534,0.35468,37.04
2.464,0.65396,0.70479,0.50985,0.55479,0.38054,37.04
2.472,0.65396,0.72043,0.4803,0.53523,0.41502,37.04
2.48,0.65494,0.72923,0.46059,0.52544,0.43966,37.04
2.488,0.65494,0.73216,0.43473,0.51468,0.46059,37.04
2.496,0.65494,0.73021,0.4101,0.50978,0.49015,37.04
2.504,0.65494,0.72336,0.39532,0.50489,0.51478,37.04
2.512,0.65494,0.71457,0.39039,0.50489,0.5197,37.04
2.52,0.65396,0.70283,0.39532,0.50489,0.51478,37.04
2.528,0.65298,0.68817,0.39532,0.5,0.51478,37.04
2.536,0.652,0.67253,0.40025,0.50489,0.51478,37.04
2.544,0.65103,0.65494,0.40025,0.50489,0.50985,37.04
2.552,0.65005,0.63734,0.40025,0.50978,0.50985,37.04
2.56,0.64809,0.61975,0.40517,0.50978,0.50493,37.04
2.568,0.64712,0.60215,0.41502,0.51468,0.5,37.04
2.576,0.64614,0.58456,0.41995,0.53033,0.49015,37.04
2.584,0.64321,0.56696,0.43966,0.58513,0.57512,37.04
2.592,0.64125,0.55034,0.47537,0.63992,0.64532,37.04
2.6,0.63832,0.53666,0.48522,0.64971,0.72537,37.04
2.608,0.63539,0.52395,0.4803,0.46477,0.73522,37.04
2.616,0.6305,0.51026,0.5,0.26517,0.65517,37.04
2.624,0.62659,0.49658,0.46552,0.23483,0.69951,37.04
2.632,0.6217,0.48387,0.40025,0.34442,0.70936,37.04
2.64,0.61681,0.47214,0.38054,0.43542,0.60468,37.04
2.648,0.61193,0.46041,0.41995,0.50489,0.5,37.04
2.656,0.60802,0.44966,0.42488,0.52544,0.46552,37.04
2.664,0.60313,0.43988,0.41995,0.53033,0.44951,37.04
2.672,0.59922,0.43011,0.41502,0.53033,0.44458,37.04
2.68,0.59433,0.42131,0.41995,0.52544,0.44458,37.04
2.688,0.58944,0.41251,0.41502,0.53033,0.44458,37.04
2.696,0.58456,0.40469,0.41995,0.52544,0.43966,37.04
2.704,0.58065,0.39883,0.41502,0.52544,0.43966,37.04
2.712,0.57576,0.39296,0.41995,0.52544,0.43473,37.04
2.72,0.57185,0.38807,0.41995,0.52544,0.43966,37.04
2.728,0.56696,0.38319,0.41995,0.53033,0.43473,37.04
2.736,0.56305,0.37928,0.41995,0.51957,0.43473,37.04
2.744,0.55914,0.37439,0.41995,0.51468,0.43966,37.04
2.752,0.55425,0.36852,0.41995,0.51957,0.43473,37.04
2.76,0.54936,0.36266,0.42488,0.51468,0.4298,37.04
2.768,0.54448,0.35777,0.41995,0.51957,0.42488,37.04
2.776,0.53959,0.35288,0.42488,0.51468,0.42488,37.04
2.784,0.53372,0.34897,0.41995,0.51468,0.42488,37.04
2.792,0.52786,0.34702,0.41995,0.50978,0.42488,37.04
2.8,0.52199,0.34506,0.41995,0.50978,0.42488,37.04
2.808,0.51711,0.34213,0.41502,0.50978,0.42488,37.04
2.816,0.51222,0.3392,0.41995,0.50978,0.41995,37.04
2.824,0.50733,0.33724,0.41502,0.50978,0.41502,37.04
2.832,0.50244,0.33431,0.41502,0.50489,0.4101,37.04
2.84,0.49756,0.33138,0.41995,0.5,0.40025,37.04
2.848,0.49267,0.32845,0.41995,0.5,0.40025,37.04
2.856,0.48778,0.32649,0.42488,0.5,0.39039,37.04
2.864,0.48289,0.32454,0.4298,0.5,0.38547,37.04
2.872,0.47801,0.32258,0.43473,0.5,0.38054,37.04
2.88,0.47312,0.32063,0.43966,0.5,0.38054,37.04
2.888,0.46921,0.31769,0.43966,0.5,0.38054,37.04
2.896,0.4653,0.31574,0.44458,0.50978,0.38054,37.04
2.904,0.45943,0.31378,0.44458,0.50978,0.38054,37.04
2.912,0.45455,0.31183,0.45443,0.50978,0.38054,37.04
2.92,0.44868,0.3089,0.46059,0.51957,0.39532,37.04
2.928,0.44379,0.30694,0.46552,0.52544,0.40025,37.04
2.936,0.43695,0.30499,0.47044,0.53033,0.40517,37.04
2.944,0.43011,0.30303,0.47537,0.53523,0.4101,37.04
2.952,0.42326,0.30205,0.4803,0.53523,0.42488,37.04
2.96,0.41544,0.3001,0.47044,0.53523,0.4298,37.04
2.968,0.4086,0.29912,0.47537,0.54012,0.43473,37.04
2.976,0.40176,0.29814,0.4803,0.53523,0.43473,37.04
2.984,0.39492,0.29814,0.47537,0.53033,0.44458,37.04
2.992,0.38807,0.3001,0.47537,0.52544,0.44458,37.04
3,0.38123,0.30108,0.47044,0.53033,0.44458,37.04
3.008,0.37439,0.30303,0.47044,0.52544,0.44951,37.04
3.016,0.36755,0.30401,0.47044,0.52544,0.44951,37.04
3.024,0.3607,0.30499,0.47044,0.53033,0.44458,37.04
3.032,0.35484,0.30499,0.47044,0.53033,0.44951,37.04
3.04,0.34897,0.30401,0.47044,0.53033,0.44458,37.04
3.048,0.34311,0.30303,0.47044,0.53033,0.44458,37.04
3.056,0.33822,0.30205,0.47044,0.53033,0.44951,37.04
3.064,0.33333,0.30108,0.47044,0.52544,0.44458,37.04
3.072,0.32747,0.3001,0.47044,0.53523,0.44458,37.04
3.08,0.32258,0.30108,0.47044,0.53523,0.44458,37.04
3.088,0.31769,0.30205,0.47044,0.53033,0.43966,37.04
3.096,0.31281,0.30303,0.47044,0.53523,0.43966,37.04
3.104,0.3089,0.30401,0.47044,0.53523,0.43966,37.04
3.112,0.30499,0.30499,0.47044,0.53523,0.43473,37.04
3.12,0.30108,0.30499,0.47044,0.53523,0.4298,37.04
3.128,0.29717,0.30499,0.47537,0.53523,0.43473,37.04
3.136,0.29423,0.30596,0.47537,0.53523,0.43473,37.04
3.144,0.29228,0.30792,0.47537,0.53033,0.43473,37.04
3.152,0.28935,0.31476,0.47044,0.53033,0.43966,37.04
3.16,0.28739,0.32747,0.47044,0.52544,0.43966,37.04
3.168,0.28446,0.34897,0.47044,0.53523,0.43966,37.04
3.176,0.2825,0.37928,0.47044,0.53523,0.4298,37.04
3.184,0.27957,0.41838,0.48522,0.53523,0.42488,37.04
3.192,0.27761,0.4565,0.5,0.54501,0.4101,37.04
3.2,0.27664,0.49658,0.50985,0.55479,0.40025,37.04
3.208,0.27468,0.5435,0.53448,0.55969,0.38054,37.04
3.216,0.27273,0.5914,0.55049,0.57045,0.35468,37.04
3.224,0.27077,0.63734,0.57512,0.57534,0.33005,37.04
3.232,0.26882,0.67937,0.5899,0.58513,0.31527,37.04
3.24,0.26588,0.71457,0.58005,0.58023,0.32512,37.04
3.248,0.26295,0.74291,0.55542,0.56458,0.35468,37.04
3.256,0.25904,0.76442,0.51478,0.54012,0.38054,37.04
3.264,0.25611,0.7781,0.48522,0.53033,0.41995,37.04
3.272,0.25318,0.78495,0.46059,0.51468,0.44458,37.04
3.28,0.24927,0.7869,0.43473,0.50489,0.47044,37.04
3.288,0.24633,0.78299,0.41502,0.49511,0.5,37.04
3.296,0.2434,0.77615,0.39532,0.49022,0.5197,37.04
3.304,0.24047,0.7654,0.39532,0.49022,0.5197,37.04
3.312,0.23754,0.75367,0.39532,0.49022,0.5197,37.04
3.32,0.23363,0.73803,0.39039,0.49022,0.5197,37.04
3.328,0.23069,0.72043,0.39532,0.49022,0.5197,37.04
3.336,0.22776,0.70088,0.39532,0.5,0.50985,37.04
3.344,0.22385,0.67937,0.40025,0.50489,0.50985,37.04
3.352,0.22092,0.65787,0.4101,0.50489,0.50985,37.04
3.36,0.21799,0.63636,0.41995,0.51468,0.5,37.04
3.368,0.21505,0.61486,0.4101,0.53523,0.49507,37.04
3.376,0.2131,0.59531,0.43473,0.59491,0.59483,37.04
3.384,0.21017,0.57576,0.46552,0.64481,0.66995,37.04
3.392,0.20723,0.55914,0.47044,0.59002,0.75,37.04
3.4,0.20332,0.54545,0.49015,0.42955,0.71552,37.04
3.408,0.20039,0.53079,0.4803,0.23973,0.66502,37.04
3.416,0.19746,0.51515,0.44951,0.23483,0.72044,37.04
3.424,0.19453,0.50049,0.39039,0.35519,0.72537,37.04
3.432,0.19062,0.4868,0.38547,0.4501,0.58498,37.04
3.44,0.18768,0.4741,0.4298,0.50978,0.49507,37.04
3.448,0.18475,0.46237,0.41995,0.51957,0.47044,37.04
3.456,0.18182,0.45064,0.41502,0.51468,0.45443,37.04
3.464,0.17986,0.43988,0.41995,0.51468,0.44951,37.04
3.472,0.17791,0.42815,0.41502,0.51957,0.44951,37.04
3.48,0.17595,0.41642,0.41502,0.51957,0.44951,37.04
3.488,0.174,0.40567,0.41995,0.51957,0.44458,37.04
3.496,0.17204,0.39589,0.41995,0.51468,0.43966,37.04
3.504,0.17009,0.3871,0.41995,0.51468,0.43966,37.04
3.512,0.16911,0.3783,0.41995,0.51468,0.43473,37.04
3.52,0.16716,0.3695,0.41502,0.51468,0.43966,37.04
3.528,0.16618,0.36168,0.42488,0.50978,0.43473,37.04
3.536,0.16422,0.35582,0.42488,0.50978,0.4298,37.04
3.544,0.16422,0.35093,0.4298,0.50978,0.4298,37.04
3.552,0.16325,0.348,0.42488,0.50489,0.4298,37.04
3.56,0.16325,0.34506,0.42488,0.50489,0.42488,37.04
3.568,0.16227,0.34213,0.41995,0.50489,0.4298,37.04
3.576,0.16227,0.3392,0.41995,0.50489,0.42488,37.04
3.584,0.16325,0.33724,0.41502,0.5,0.42488,37.04
3.592,0.16325,0.33431,0.41995,0.5,0.42488,37.04
3.6,0.16422,0.33333,0.41502,0.5,0.41995,37.04
3.608,0.16422,0.3304,0.41995,0.49511,0.41502,37.04
3.616,0.1652,0.32747,0.41502,0.49022,0.4101,37.04
3.624,0.16618,0.32551,0.41995,0.49511,0.40025,37.04
3.632,0.16618,0.32356,0.41995,0.49022,0.39532,37.04
3.64,0.16716,0.3216,0.42488,0.48532,0.38547,37.04
3.648,0.16813,0.31867,0.4298,0.48532,0.38547,37.04
3.656,0.16911,0.31672,0.4298,0.48532,0.38547,37.04
3.664,0.17107,0.31378,0.43966,0.48532,0.38054,37.04
3.672,0.17204,0.31085,0.43966,0.48532,0.38054,37.04
3.68,0.174,0.30694,0.44458,0.49022,0.37562,37.04
3.688,0.17595,0.30401,0.44951,0.49511,0.38054,37.04
3.696,0.17791,0.30205,0.46059,0.5,0.38054,37.04
3.704,0.17986,0.30108,0.46552,0.50978,0.38054,37.04
3.712,0.18084,0.3001,0.47044,0.50978,0.38547,37.04
3.72,0.1828,0.29912,0.47044,0.51468,0.40025,37.04
3.728,0.18377,0.29717,0.47537,0.52544,0.40025,37.04
3.736,0.18573,0.29619,0.4803,0.52544,0.4101,37.04
3.744,0.18671,0.29423,0.4803,0.53033,0.41995,37.04
3.752,0.18768,0.29326,0.4803,0.52544,0.42488,37.04
3.76,0.18964,0.29032,0.4803,0.52544,0.4298,37.04
3.768,0.19062,0.28739,0.4803,0.53033,0.4298,37.04
3.776,0.19159,0.28348,0.48522,0.52544,0.4298,37.04
3.784,0.19257,0.28055,0.4803,0.53033,0.43473,37.04
3.792,0.19355,0.27859,0.4803,0.52544,0.43473,37.04
3.8,0.19453,0.27859,0.48522,0.52544,0.43966,37.04
3.808,0.19453,0.27761,0.48522,0.52544,0.44458,37.04
3.816,0.19453,0.27664,0.49015,0.52544,0.43966,37.04
3.824,0.1955,0.27566,0.48522,0.52544,0.43966,37.04
3.832,0.1955,0.27566,0.49015,0.52544,0.43966,37.04
3.84,0.19648,0.27468,0.4803,0.52544,0.43966,37.04
3.848,0.19746,0.2737,0.4803,0.52544,0.43966,37.04
3.856,0.19941,0.27273,0.4803,0.52544,0.43966,37.04
3.864,0.20039,0.26979,0.47537,0.52544,0.43966,37.04
3.872,0.20137,0.26686,0.47537,0.52544,0.43966,37.04
3.88,0.20235,0.26295,0.47044,0.52544,0.43473,37.04
3.888,0.20332,0.26002,0.47044,0.52544,0.43966,37.04
3.896,0.20528,0.25904,0.47044,0.53033,0.43473,37.04
3.904,0.20626,0.26002,0.47044,0.53033,0.43966,37.04
3.912,0.20821,0.26197,0.47044,0.52544,0.43473,37.04
3.92,0.21017,0.26784,0.47044,0.53523,0.44458,37.04
3.928,0.21114,0.28055,0.47537,0.52544,0.43966,37.04
3.936,0.2131,0.30205,0.47044,0.53033,0.44458,37.04
3.944,0.21408,0.33138,0.47044,0.52544,0.44458,37.04
3.952,0.21603,0.36852,0.47044,0.52544,0.44951,37.04
3.96,0.21701,0.41447,0.47537,0.52544,0.43966,37.04
3.968,0.21896,0.46432,0.47537,0.53033,0.43966,37.04
3.976,0.22092,0.51711,0.49015,0.53523,0.41995,37.04
3.984,0.2219,0.57087,0.5,0.54012,0.40517,37.04
3.992,0.22385,0.61486,0.51478,0.54501,0.40025,37.04
4,0.22483,0.652,0.53941,0.55479,0.38054,37.04
4.008,0.22678,0.68817,0.56034,0.57045,0.34975,37.04
4.016,0.22776,0.71945,0.58005,0.58023,0.33005,37.04
4.024,0.22874,0.74389,0.59975,0.58513,0.31034,37.04
4.032,0.22972,0.76051,0.58005,0.58023,0.33005,37.04
4.04,0.23069,0.77126,0.55049,0.55969,0.35468,37.04
4.048,0.23069,0.77615,0.50985,0.54012,0.39039,37.04
4.056,0.23167,0.77517,0.48522,0.51468,0.41995,37.04
4.064,0.23265,0.77126,0.46552,0.50489,0.44458,37.04
4.072,0.23265,0.76344,0.43966,0.49511,0.47537,37.04
4.08,0.23363,0.75269,0.41995,0.49511,0.49507,37.04
4.088,0.23363,0.73998,0.40025,0.49511,0.5197,37.04
4.096,0.2346,0.7263,0.39532,0.49022,0.5197,37.04
4.104,0.2346,0.71163,0.39532,0.49022,0.5197,37.04
4.112,0.23558,0.69404,0.40025,0.49511,0.5197,37.04
4.12,0.2346,0.67546,0.40025,0.49511,0.51478,37.04
4.128,0.2346,0.65494,0.40517,0.49511,0.51478,37.04
4.136,0.2346,0.63441,0.40517,0.49511,0.51478,37.04
4.144,0.23363,0.60508,0.41502,0.5,0.50985,37.04
4.152,0.23265,0.57283,0.41995,0.50978,0.49507,37.04
4.16,0.23167,0.54936,0.41502,0.53523,0.5197,37.04
4.168,0.23069,0.53177,0.43966,0.6047,0.60961,37.04
4.176,0.22972,0.51613,0.47537,0.64481,0.69458,37.04
4.184,0.22776,0.50342,0.46552,0.57045,0.75985,37.04
4.192,0.22581,0.49169,0.49507,0.38943,0.70443,37.04
4.2,0.22287,0.48289,0.47537,0.23973,0.67488,37.04
4.208,0.22092,0.4741,0.44458,0.28474,0.72044,37.04
4.216,0.21799,0.46725,0.38547,0.37965,0.68966,37.04
4.224,0.21505,0.46041,0.41502,0.46967,0.56527,37.04
4.232,0.21212,0.45455,0.4298,0.50978,0.48522,37.04
4.24,0.21017,0.44868,0.41995,0.51957,0.46059,37.04
4.248,0.20723,0.44184,0.41502,0.51957,0.44951,37.04
4.256,0.20528,0.435,0.41502,0.51468,0.44951,37.04
4.264,0.2043,0.42913,0.41502,0.51468,0.44458,37.04
4.272,0.20235,0.42229,0.4101,0.51468,0.44458,37.04
4.28,0.20137,0.41642,0.41995,0.51468,0.43966,37.04
4.288,0.19941,0.41153,0.41995,0.50978,0.43473,37.04
4.296,0.19844,0.40665,0.4298,0.50978,0.43473,37.04
4.304,0.19648,0.40176,0.4298,0.50978,0.4298,37.04
4.312,0.1955,0.39589,0.43473,0.50978,0.4298,37.04
4.32,0.1955,0.39101,0.42488,0.50978,0.43473,37.04
4.328,0.19453,0.38612,0.4298,0.50978,0.4298,37.04
4.336,0.19453,0.38123,0.4298,0.50978,0.42488,37.04
4.344,0.19453,0.37537,0.43473,0.50489,0.42488,37.04
4.352,0.19453,0.37048,0.43473,0.50489,0.41995,37.04
4.36,0.19453,0.36461,0.4298,0.50489,0.42488,37.04
4.368,0.19453,0.35973,0.42488,0.50978,0.42488,37.04
4.376,0.19453,0.35484,0.42488,0.5,0.42488,37.04
4.384,0.19453,0.34995,0.42488,0.50489,0.41995,37.04
4.392,0.1955,0.34604,0.42488,0.49511,0.41502,37.04
4.4,0.1955,0.34213,0.41995,0.49511,0.4101,37.04
4.408,0.19648,0.33822,0.41995,0.49022,0.40517,37.04
4.416,0.19648,0.33431,0.41995,0.49022,0.40025,37.04
4.424,0.19746,0.3304,0.42488,0.49022,0.39532,37.04
4.432,0.19844,0.32649,0.4298,0.49022,0.38547,37.04
4.44,0.19844,0.32356,0.43473,0.49022,0.38054,37.04
4.448,0.19941,0.3216,0.43966,0.49022,0.38054,37.04
4.456,0.20039,0.32063,0.43473,0.48532,0.38054,37.04
4.464,0.20137,0.31867,0.44458,0.49022,0.37562,37.04
4.472,0.20137,0.31769,0.44458,0.49511,0.37562,37.04
4.48,0.20235,0.31672,0.45443,0.5,0.36946,37.04
4.488,0.20332,0.31476,0.45443,0.50489,0.38054,37.04
4.496,0.2043,0.31281,0.46059,0.50978,0.38054,37.04
4.504,0.2043,0.31183,0.46552,0.51957,0.39039,37.04
4.512,0.20528,0.30987,0.47537,0.52544,0.39532,37.04
4.52,0.20528,0.30792,0.48522,0.51957,0.40025,37.04
4.528,0.20626,0.30596,0.4803,0.52544,0.40025,37.04
4.536,0.20626,0.30401,0.47537,0.53033,0.41995,37.04
4.544,0.20626,0.30303,0.4803,0.53033,0.41995,37.04
4.552,0.20626,0.30108,0.48522,0.53523,0.42488,37.04
4.56,0.20626,0.3001,0.48522,0.53523,0.42488,37.04
4.568,0.20626,0.29912,0.4803,0.53523,0.43473,37.04
4.576,0.20626,0.29814,0.48522,0.53523,0.43473,37.04
4.584,0.20626,0.29717,0.47537,0.53523,0.43966,37.04
4.592,0.20626,0.29717,0.4803,0.53523,0.43966,37.04
4.6,0.20723,0.29717,0.47537,0.53033,0.43966,37.04
4.608,0.20919,0.29619,0.47537,0.52544,0.44458,37.04
4.616,0.21114,0.29521,0.47044,0.52544,0.44458,37.04
4.624,0.2131,0.29326,0.47537,0.53033,0.43966,37.04
4.632,0.21505,0.2913,0.47044,0.53033,0.43966,37.04
4.64,0.21701,0.28935,0.47044,0.52544,0.43966,37.04
4.648,0.21799,0.28739,0.47044,0.53033,0.43966,37.04
4.656,0.21994,0.28641,0.47044,0.52544,0.44458,37.04
4.664,0.2219,0.28543,0.46552,0.52544,0.44458,37.04
4.672,0.22483,0.28446,0.46059,0.53033,0.43966,37.04
4.68,0.22776,0.2825,0.46552,0.53033,0.44458,37.04
4.688,0.23069,0.28152,0.46552,0.51957,0.43966,37.04
4.696,0.2346,0.28152,0.46059,0.52544,0.43966,37.04
4.704,0.23851,0.28152,0.46552,0.52544,0.43966,37.04
4.712,0.24242,0.28543,0.46552,0.52544,0.43966,37.04
4.72,0.24731,0.29521,0.46059,0.53033,0.43966,37.04
4.728,0.25122,0.31085,0.46552,0.52544,0.43966,37.04
4.736,0.25513,0.33431,0.46552,0.52544,0.44458,37.04
4.744,0.25806,0.36559,0.47044,0.51957,0.43966,37.04
4.752,0.261,0.40274,0.46552,0.51468,0.43966,37.04
4.76,0.26491,0.44477,0.47537,0.52544,0.42488,37.04
4.768,0.26882,0.48778,0.4803,0.53033,0.42488,37.04
4.776,0.27273,0.52981,0.49015,0.54012,0.4101,37.04
4.784,0.27761,0.56989,0.5,0.5499,0.40025,37.04
4.792,0.28152,0.60215,0.52463,0.55479,0.37562,37.04
4.8,0.28543,0.62659,0.53941,0.56458,0.35468,37.04
4.808,0.28935,0.65103,0.5702,0.58023,0.33005,37.04
4.816,0.29326,0.67058,0.58498,0.58513,0.3202,37.04
4.824,0.29717,0.68524,0.57512,0.58023,0.33005,37.04
4.832,0.30108,0.69599,0.53448,0.55969,0.35961,37.04
4.84,0.30499,0.70088,0.50493,0.54501,0.39039,37.04
4.848,0.3089,0.70088,0.47537,0.53033,0.41995,37.04
4.856,0.31281,0.69697,0.44458,0.51468,0.44458,37.04
4.864,0.31672,0.68817,0.42488,0.50978,0.47537,37.04
4.872,0.31965,0.67742,0.39532,0.5,0.5,37.04
4.88,0.32258,0.66569,0.39039,0.5,0.5197,37.04
4.888,0.32551,0.65298,0.38547,0.49511,0.5197,37.04
4.896,0.32942,0.64027,0.38547,0.5,0.5197,37.04
4.904,0.33236,0.62561,0.39039,0.50489,0.5197,37.04
4.912,0.33529,0.61095,0.39532,0.49511,0.5197,37.04
4.92,0.33724,0.59629,0.39039,0.49511,0.51478,37.04
4.928,0.34018,0.57967,0.40025,0.50489,0.50985,37.04
4.936,0.34311,0.56403,0.40517,0.50489,0.50985,37.04
4.944,0.34506,0.54839,0.40517,0.50978,0.5,37.04
4.952,0.34702,0.53275,0.40025,0.53523,0.52463,37.04
4.96,0.34897,0.51808,0.43966,0.61057,0.60468,37.04
4.968,0.34995,0.5044,0.47044,0.65558,0.6798,37.04
4.976,0.35191,0.49169,0.47044,0.59491,0.75,37.04
4.984,0.35288,0.48094,0.50493,0.42466,0.69458,37.04
4.992,0.35386,0.47214,0.48522,0.2544,0.66995,37.04
5,0.35484,0.46432,0.43966,0.28963,0.72044,37.04
5.008,0.35582,0.4565,0.37562,0.36986,0.68966,37.04
5.016,0.35777,0.4477,0.38547,0.45499,0.5702,37.04
5.024,0.35875,0.43988,0.4101,0.50489,0.48522,37.04
5.032,0.36168,0.43109,0.4101,0.51468,0.46059,37.04
5.04,0.36364,0.42326,0.4101,0.51468,0.44951,37.04
5.048,0.36559,0.41544,0.4101,0.51957,0.44458,37.04
5.056,0.36852,0.40665,0.41502,0.52544,0.43966,37.04
5.064,0.37048,0.39883,0.4101,0.52544,0.43473,37.04
5.072,0.37243,0.39198,0.40517,0.51957,0.43966,37.04
5.08,0.37537,0.38416,0.41502,0.52544,0.43473,37.04
5.088,0.3783,0.3783,0.41502,0.51468,0.43473,37.04
5.096,0.38123,0.37341,0.41502,0.51957,0.43473,37.04
5.104,0.38514,0.36755,0.41502,0.51468,0.43966,37.04
5.112,0.38807,0.36168,0.41502,0.51468,0.43473,37.04
5.12,0.39198,0.35582,0.41502,0.51468,0.4298,37.04
5.128,0.39589,0.35093,0.41502,0.50978,0.4298,37.04
5.136,0.3998,0.34604,0.41502,0.50978,0.4298,37.04
5.144,0.40371,0.34213,0.41502,0.50978,0.42488,37.04
5.152,0.40762,0.33822,0.4101,0.50978,0.42488,37.04
5.16,0.41153,0.33529,0.40517,0.50489,0.42488,37.04
5.168,0.41544,0.33236,0.40025,0.50489,0.42488,37.04
5.176,0.42033,0.3304,0.40517,0.5,0.41995,37.04
5.184,0.42424,0.32747,0.40517,0.49511,0.41995,37.04
5.192,0.42815,0.32649,0.41995,0.50489,0.40517,37.04
5.2,0.43304,0.32454,0.41502,0.5,0.40025,37.04
5.208,0.43695,0.32258,0.41502,0.49022,0.40025,37.04
5.216,0.44184,0.31965,0.40517,0.49022,0.40025,37.04
5.224,0.44575,0.31769,0.41502,0.49022,0.38547,37.04
5.232,0.45064,0.31476,0.41502,0.49022,0.38547,37.04
5.24,0.45455,0.31281,0.41995,0.48532,0.38547,37.04
5.248,0.45943,0.30987,0.41995,0.48532,0.38054,37.04
5.256,0.46334,0.30694,0.41995,0.48532,0.38054,37.04
5.264,0.46725,0.30499,0.4298,0.49022,0.38054,37.04
5.272,0.47116,0.30205,0.43473,0.5,0.38054,37.04
5.28,0.47507,0.30108,0.43966,0.50978,0.39039,37.04
5.288,0.47898,0.3001,0.44458,0.50978,0.39532,37.04
5.296,0.48192,0.29912,0.44458,0.51468,0.39039,37.04
5.304,0.48583,0.29912,0.44951,0.53523,0.40517,37.04
5.312,0.48876,0.29814,0.46059,0.53523,0.4101,37.04
5.32,0.49267,0.29717,0.45443,0.53523,0.42488,37.04
5.328,0.49658,0.29619,0.46552,0.53523,0.42488,37.04
5.336,0.50049,0.29521,0.46059,0.53523,0.4298,37.04
5.344,0.5044,0.29326,0.46552,0.53523,0.43473,37.04
5.352,0.50831,0.29032,0.46059,0.53523,0.43966,37.04
5.36,0.51222,0.28837,0.46552,0.53523,0.44458,37.04
5.368,0.51613,0.28543,0.46552,0.53523,0.44458,37.04
5.376,0.51906,0.28348,0.46552,0.53523,0.44458,37.04
5.384,0.52297,0.28055,0.47044,0.53033,0.44458,37.04
5.392,0.5259,0.27957,0.46552,0.53033,0.44458,37.04
5.4,0.52884,0.27859,0.46059,0.53033,0.44951,37.04
5.408,0.53275,0.27566,0.46059,0.53033,0.44458,37.04
5.416,0.53568,0.2737,0.46059,0.53033,0.44458,37.04
5.424,0.53959,0.27273,0.46059,0.52544,0.43966,37.04
5.432,0.5435,0.27273,0.46059,0.53033,0.43966,37.04
5.44,0.54741,0.27273,0.45443,0.53033,0.44458,37.04
5.448,0.55132,0.27273,0.44951,0.53523,0.44458,37.04
5.456,0.55523,0.27273,0.44458,0.53523,0.44951,37.04
5.464,0.55914,0.27175,0.44951,0.53033,0.44458,37.04
5.472,0.56305,0.27077,0.45443,0.53033,0.44458,37.04
5.48,0.56696,0.26979,0.45443,0.52544,0.43966,37.04
5.488,0.57087,0.27077,0.45443,0.52544,0.43966,37.04
5.496,0.57576,0.27273,0.45443,0.52544,0.44458,37.04
5.504,0.57967,0.27859,0.45443,0.52544,0.44458,37.04
5.512,0.58553,0.28935,0.45443,0.52544,0.44458,37.04
5.52,0.59042,0.30694,0.46059,0.52544,0.44951,37.04
5.528,0.59531,0.33138,0.45443,0.52544,0.44458,37.04
5.536,0.6002,0.36266,0.45443,0.53033,0.44458,37.04
5.544,0.60508,0.39883,0.46059,0.52544,0.43966,37.04
5.552,0.60997,0.43988,0.46552,0.53523,0.43473,37.04
5.56,0.61486,0.48094,0.47537,0.54012,0.41995,37.04
5.568,0.61975,0.52199,0.49015,0.5499,0.4101,37.04
5.576,0.62561,0.55914,0.49507,0.55479,0.4101,37.04
5.584,0.6305,0.59238,0.51478,0.55969,0.39039,37.04
5.592,0.63539,0.61779,0.53448,0.57045,0.36453,37.04
5.6,0.64125,0.63636,0.55542,0.58023,0.34483,37.04
5.608,0.64614,0.65396,0.5702,0.59491,0.33005,37.04
5.616,0.65103,0.66764,0.56034,0.59002,0.3399,37.04
5.624,0.65591,0.67644,0.53448,0.57534,0.36453,37.04
5.632,0.65982,0.68035,0.5,0.55479,0.39532,37.04
5.64,0.66471,0.68133,0.47044,0.53033,0.42488,37.04
5.648,0.6696,0.67742,0.44458,0.51957,0.45443,37.04
5.656,0.67351,0.6696,0.41995,0.50978,0.47537,37.04
5.664,0.6784,0.65885,0.40517,0.50489,0.50493,37.04
5.672,0.68231,0.64614,0.39039,0.49511,0.5197,37.04
5.68,0.68719,0.63245,0.38547,0.49511,0.52463,37.04
5.688,0.69013,0.61877,0.38054,0.5,0.5197,37.04
5.696,0.69404,0.60508,0.38547,0.5,0.5197,37.04
5.704,0.69697,0.59042,0.39039,0.5,0.5197,37.04
5.712,0.6999,0.57576,0.39532,0.50489,0.51478,37.04
5.72,0.70283,0.56109,0.39532,0.5,0.50985,37.04
5.728,0.70479,0.54643,0.40025,0.50489,0.50493,37.04
5.736,0.70577,0.53275,0.40025,0.50978,0.49507,37.04
5.744,0.70772,0.52004,0.40517,0.53523,0.52956,37.04
5.752,0.7087,0.50831,0.43966,0.5998,0.60468,37.04
5.76,0.70968,0.49658,0.47537,0.63992,0.6798,37.04
5.768,0.70968,0.4868,0.47044,0.58023,0.74507,37.04
5.776,0.71065,0.47703,0.51478,0.4002,0.6798,37.04
5.784,0.71065,0.46725,0.4803,0.24462,0.6601,37.04
5.792,0.71065,0.46041,0.4298,0.28474,0.72537,37.04
5.8,0.71065,0.45259,0.36453,0.36986,0.68966,37.04
5.808,0.71065,0.44575,0.38547,0.45499,0.56034,37.04
5.816,0.71065,0.43988,0.39532,0.5,0.49015,37.04
5.824,0.71065,0.43304,0.40025,0.50978,0.46059,37.04
5.832,0.71163,0.42717,0.39532,0.50978,0.45443,37.04
5.84,0.71163,0.42131,0.39532,0.50978,0.44951,37.04
5.848,0.71261,0.41544,0.39532,0.51468,0.44951,37.04
5.856,0.71261,0.41056,0.40025,0.51468,0.44458,37.04
5.864,0.71261,0.40469,0.40517,0.51468,0.44458,37.04
5.872,0.71261,0.3998,0.40025,0.50978,0.44458,37.04
5.88,0.71261,0.39589,0.40517,0.50978,0.44458,37.04
5.888,0.71261,0.39198,0.40517,0.50489,0.44458,37.04
5.896,0.71359,0.38807,0.40517,0.50978,0.44458,37.04
5.904,0.71457,0.38319,0.40517,0.50489,0.43966,37.04
5.912,0.71457,0.3783,0.4101,0.50489,0.43473,37.04
5.92,0.71554,0.37243,0.40517,0.5,0.43966,37.04
5.928,0.71652,0.36559,0.41502,0.5,0.43473,37.04
5.936,0.7175,0.35973,0.40517,0.50978,0.43966,37.04
5.944,0.7175,0.35484,0.4101,0.50489,0.43473,37.04
5.952,0.71848,0.34995,0.40025,0.50489,0.43966,37.04
5.96,0.71848,0.34604,0.40517,0.5,0.43473,37.04
5.968,0.71848,0.34115,0.4101,0.5,0.4298,37.04
5.976,0.71848,0.33724,0.40517,0.49511,0.42488,37.04
5.984,0.71848,0.33333,0.40517,0.49022,0.41995,37.04
5.992,0.71848,0.3304,0.40517,0.49022,0.41502,37.04
6,0.7175,0.32747,0.4101,0.49022,0.41502,37.04
6.008,0.7175,0.32551,0.4101,0.48532,0.40025,37.04
6.016,0.71848,0.32356,0.41502,0.48532,0.40025,37.04
6.024,0.71848,0.3216,0.41995,0.48532,0.39039,37.04
6.032,0.71848,0.32063,0.41995,0.48532,0.39039,37.04
6.04,0.71848,0.31867,0.41995,0.48532,0.39039,37.04
6.048,0.71848,0.31769,0.41502,0.48532,0.39039,37.04
6.056,0.71848,0.31574,0.42488,0.49022,0.39039,37.04
6.064,0.71848,0.31378,0.4298,0.49022,0.39532,37.04
6.072,0.71848,0.31183,0.43473,0.5,0.39532,37.04
6.08,0.71848,0.31085,0.44458,0.50489,0.40025,37.04
6.088,0.7175,0.3089,0.44951,0.50978,0.40025,37.04
6.096,0.7175,0.30792,0.46059,0.51468,0.4101,37.04
6.104,0.71652,0.30596,0.46059,0.51468,0.41995,37.04
6.112,0.71652,0.30401,0.47044,0.51957,0.42488,37.04
6.12,0.71554,0.30108,0.47044,0.51468,0.42488,37.04
6.128,0.71457,0.29912,0.47044,0.52544,0.42488,37.04
6.136,0.71359,0.29814,0.47044,0.52544,0.43473,37.04
6.144,0.71163,0.29717,0.47044,0.51957,0.43966,37.04
6.152,0.71065,0.29521,0.47044,0.52544,0.43966,37.04
6.16,0.7087,0.29423,0.47044,0.51957,0.44458,37.04
6.168,0.70674,0.29326,0.47044,0.51957,0.44951,37.04
6.176,0.70577,0.29228,0.47044,0.51957,0.44458,37.04
6.184,0.70381,0.29032,0.47044,0.52544,0.44951,37.04
6.192,0.70186,0.3001,0.46552,0.51957,0.44458,37.04
6.2,0.6999,0.31378,0.46059,0.52544,0.44951,37.04
6.208,0.69697,0.31965,0.46059,0.52544,0.44951,37.04
6.216,0.69404,0.3216,0.46059,0.53033,0.44951,37.04
6.224,0.6911,0.3216,0.46059,0.53033,0.44951,37.04
6.232,0.68817,0.32063,0.46552,0.53033,0.44458,37.04
6.24,0.68622,0.31965,0.46552,0.53033,0.44458,37.04
6.248,0.68328,0.31965,0.46552,0.53033,0.44458,37.04
6.256,0.68133,0.31965,0.47044,0.52544,0.43966,37.04
6.264,0.67742,0.31965,0.47044,0.53033,0.43966,37.04
6.272,0.67449,0.31965,0.47044,0.53033,0.43966,37.04
6.28,0.67058,0.32063,0.47044,0.53033,0.43966,37.04
6.288,0.66764,0.32356,0.47044,0.53033,0.43966,37.04
6.296,0.66276,0.32845,0.47044,0.53033,0.43966,37.04
6.304,0.65885,0.33724,0.47044,0.53033,0.43966,37.04
6.312,0.65494,0.35288,0.47044,0.52544,0.43966,37.04
6.32,0.65005,0.37341,0.46059,0.52544,0.44458,37.04
6.328,0.64516,0.40078,0.46552,0.52544,0.43966,37.04
6.336,0.64027,0.43304,0.47044,0.52544,0.43966,37.04
6.344,0.63539,0.46823,0.47537,0.53033,0.4298,37.04
6.352,0.6305,0.5044,0.49015,0.53523,0.41995,37.04
6.36,0.62463,0.54057,0.5,0.5499,0.40517,37.04
6.368,0.61877,0.57478,0.50985,0.55479,0.39532,37.04
6.376,0.6129,0.60508,0.53448,0.56458,0.37562,37.04
6.384,0.60704,0.62757,0.55542,0.57534,0.35468,37.04
6.392,0.6002,0.64418,0.57512,0.58513,0.33005,37.04
6.4,0.59433,0.65885,0.58498,0.59491,0.3202,37.04
6.408,0.58847,0.6696,0.55542,0.58023,0.34483,37.04
6.416,0.58162,0.67742,0.52463,0.55969,0.37562,37.04
6.424,0.57478,0.68133,0.49507,0.53523,0.40517,37.04
6.432,0.56794,0.68231,0.46552,0.52544,0.43966,37.04
6.44,0.56012,0.67937,0.44458,0.50978,0.46059,37.04
6.448,0.5523,0.67449,0.41995,0.50978,0.49015,37.04
6.456,0.5435,0.66667,0.39532,0.5,0.50985,37.04
6.464,0.53568,0.65591,0.39039,0.5,0.5197,37.04
6.472,0.52688,0.64418,0.39039,0.5,0.52463,37.04
6.48,0.51808,0.63148,0.39532,0.5,0.51478,37.04
6.488,0.51026,0.61877,0.39039,0.5,0.51478,37.04
6.496,0.50147,0.60704,0.39532,0.5,0.5197,37.04
6.504,0.49365,0.59433,0.39039,0.5,0.51478,37.04
6.512,0.4868,0.58065,0.40025,0.50489,0.50985,37.04
6.52,0.47801,0.56696,0.40025,0.50978,0.50985,37.04
6.528,0.46921,0.55327,0.40517,0.51468,0.49507,37.04
6.536,0.45943,0.54057,0.40025,0.55969,0.55049,37.04
6.544,0.44966,0.52884,0.45443,0.62035,0.63054,37.04
6.552,0.44086,0.51711,0.47044,0.64481,0.70936,37.04
6.56,0.43206,0.50635,0.47537,0.51957,0.74015,37.04
6.568,0.42229,0.49658,0.49015,0.31507,0.66502,37.04
6.576,0.41349,0.48876,0.47044,0.22994,0.65517,37.04
6.584,0.40469,0.48094,0.41502,0.31018,0.72044,37.04
6.592,0.39589,0.47507,0.37562,0.4002,0.65517,37.04
6.6,0.38612,0.47019,0.41502,0.49022,0.52956,37.04
6.608,0.37634,0.4653,0.42488,0.51957,0.47537,37.04
6.616,0.36755,0.45943,0.41502,0.53033,0.45443,37.04
6.624,0.35777,0.45455,0.4101,0.53033,0.44951,37.04
6.632,0.348,0.44966,0.41502,0.53033,0.44458,37.04
6.64,0.3392,0.44379,0.4101,0.53033,0.43966,37.04
6.648,0.3304,0.43891,0.41995,0.52544,0.43966,37.04
6.656,0.3216,0.435,0.41995,0.51957,0.43473,37.04
6.664,0.31378,0.43011,0.41995,0.52544,0.43966,37.04
6.672,0.30596,0.42522,0.42488,0.51957,0.43473,37.04
6.68,0.29912,0.42033,0.42488,0.52544,0.43473,37.04
6.688,0.29228,0.41642,0.42488,0.51957,0.4298,37.04
6.696,0.28543,0.41349,0.42488,0.51468,0.4298,37.04
6.704,0.27957,0.40958,0.42488,0.51468,0.4298,37.04
6.712,0.2737,0.40567,0.4298,0.51468,0.42488,37.04
6.72,0.26784,0.40078,0.41995,0.50978,0.42488,37.04
6.728,0.26295,0.39687,0.41995,0.50978,0.4298,37.04
6.736,0.25904,0.39198,0.41995,0.50978,0.4298,37.04
6.744,0.25415,0.38807,0.41995,0.50978,0.42488,37.04
6.752,0.25024,0.38319,0.41995,0.50978,0.42488,37.04
6.76,0.24731,0.37928,0.41995,0.50978,0.41995,37.04
6.768,0.2434,0.37537,0.41995,0.50978,0.41995,37.04
6.776,0.24047,0.37243,0.41502,0.50978,0.4101,37.04
6.784,0.23754,0.3695,0.41995,0.50978,0.40517,37.04
6.792,0.2346,0.36852,0.42488,0.50489,0.40025,37.04
6.8,0.23167,0.36657,0.41995,0.5,0.39532,37.04
6.808,0.22874,0.36364,0.41995,0.50489,0.39039,37.04
6.816,0.22678,0.36168,0.41995,0.5,0.39039,37.04
6.824,0.22385,0.35875,0.41995,0.5,0.38547,37.04
6.832,0.2219,0.35582,0.42488,0.5,0.38054,37.04
6.84,0.21896,0.35288,0.43473,0.5,0.38054,37.04
6.848,0.21701,0.35191,0.44458,0.50489,0.38054,37.04
6.856,0.21505,0.34995,0.44951,0.50489,0.38054,37.04
6.864,0.2131,0.348,0.44951,0.50978,0.38547,37.04
6.872,0.21017,0.34604,0.46059,0.50978,0.39039,37.04
6.88,0.20821,0.34506,0.46552,0.51957,0.39532,37.04
6.888,0.20528,0.34311,0.47044,0.53033,0.40025,37.04
6.896,0.20235,0.34213,0.4803,0.53523,0.40517,37.04
6.904,0.20039,0.34213,0.4803,0.53523,0.41502,37.04
6.912,0.19746,0.34115,0.47537,0.53523,0.42488,37.04
6.92,0.1955,0.34018,0.47537,0.53523,0.42488,37.04
6.928,0.19355,0.3392,0.4803,0.53523,0.42488,37.04
6.936,0.19159,0.33822,0.47537,0.53523,0.4298,37.04
6.944,0.18964,0.33724,0.4803,0.53523,0.43966,37.04
6.952,0.18768,0.33529,0.47537,0.53523,0.44458,37.04
6.96,0.18573,0.33333,0.48522,0.53523,0.43966,37.04
6.968,0.18475,0.33138,0.4803,0.53523,0.44458,37.04
6.976,0.18377,0.32942,0.48522,0.53523,0.44458,37.04
6.984,0.1828,0.32747,0.4803,0.53523,0.44458,37.04
6.992,0.1828,0.32649,0.4803,0.53523,0.44458,37.04
7,0.1828,0.32649,0.47537,0.53033,0.44458,37.04
7.008,0.1828,0.32551,0.47537,0.52544,0.44458,37.04
7.016,0.1828,0.32551,0.47044,0.53523,0.43966,37.04
7.024,0.1828,0.32551,0.47537,0.53033,0.43966,37.04
7.032,0.1828,0.32551,0.47044,0.52544,0.44458,37.04
7.04,0.18377,0.32551,0.47044,0.52544,0.43966,37.04
7.048,0.18377,0.32551,0.47044,0.52544,0.43473,37.04
7.056,0.18475,0.32649,0.47044,0.53523,0.43473,37.04
7.064,0.18475,0.3304,0.47044,0.53523,0.43473,37.04
7.072,0.18573,0.33724,0.47044,0.53523,0.43473,37.04
7.08,0.18671,0.34897,0.47044,0.53523,0.43966,37.04
7.088,0.18671,0.36364,0.47044,0.53523,0.43966,37.04
7.096,0.18866,0.38221,0.47044,0.53033,0.43966,37.04
7.104,0.18964,0.40665,0.47044,0.52544,0.43966,37.04
7.112,0.19159,0.435,0.47044,0.52544,0.43966,37.04
7.12,0.19355,0.46725,0.47044,0.52544,0.43966,37.04
7.128,0.19453,0.49951,0.47537,0.52544,0.43473,37.04
7.136,0.19648,0.53177,0.47537,0.52544,0.42488,37.04
7.144,0.19746,0.56109,0.49015,0.53033,0.41995,37.04
7.152,0.19844,0.58847,0.50985,0.54012,0.40517,37.04
7.16,0.20039,0.61095,0.5197,0.54501,0.39039,37.04
7.168,0.20137,0.6305,0.53941,0.55969,0.36946,37.04
7.176,0.20235,0.64516,0.56034,0.56458,0.34975,37.04
7.184,0.20332,0.65494,0.58498,0.57534,0.32512,37.04
7.192,0.2043,0.6608,0.59975,0.58023,0.31527,37.04
7.2,0.20528,0.66373,0.57512,0.57534,0.33498,37.04
7.208,0.20626,0.66471,0.54557,0.55479,0.35961,37.04
7.216,0.20723,0.66373,0.51478,0.53523,0.39039,37.04
7.224,0.20723,0.65982,0.4803,0.51468,0.42488,37.04
7.232,0.20723,0.65396,0.45443,0.50978,0.44951,37.04
7.24,0.20723,0.64712,0.4298,0.5,0.47537,37.04
7.248,0.20723,0.63832,0.4101,0.49511,0.49507,37.04
7.256,0.20723,0.62854,0.40025,0.49511,0.51478,37.04
7.264,0.20723,0.61779,0.39532,0.49511,0.5197,37.04
7.272,0.20723,0.60606,0.39532,0.49511,0.5197,37.04
7.28,0.20723,0.59335,0.39532,0.49511,0.5197,37.04
7.288,0.20723,0.58065,0.40025,0.49511,0.5197,37.04
7.296,0.20723,0.56891,0.40025,0.49511,0.51478,37.04
7.304,0.20626,0.55718,0.40025,0.49511,0.50985,37.04
7.312,0.20528,0.54545,0.4101,0.5,0.50493,37.04
7.32,0.20332,0.5347,0.41502,0.50978,0.49507,37.04
7.328,0.20137,0.52493,0.4101,0.54501,0.54557,37.04
7.336,0.19844,0.51613,0.44458,0.61546,0.62438,37.04
7.344,0.19648,0.50831,0.47044,0.63992,0.70443,37.04
7.352,0.19355,0.50049,0.46552,0.53523,0.75,37.04
7.36,0.19062,0.49267,0.49015,0.33953,0.68473,37.04
7.368,0.18866,0.48583,0.47044,0.22994,0.6601,37.04
7.376,0.18671,0.47996,0.42488,0.30528,0.7303,37.04
7.384,0.18377,0.4741,0.38547,0.38943,0.66995,37.04
7.392,0.18182,0.46823,0.41995,0.47456,0.53448,37.04
7.4,0.17889,0.46237,0.42488,0.51468,0.47537,37.04
7.408,0.17595,0.45552,0.41995,0.51957,0.44951,37.04
7.416,0.174,0.44966,0.4101,0.51468,0.44951,37.04
7.424,0.17204,0.44282,0.41502,0.51468,0.44458,37.04
7.432,0.17009,0.43597,0.4101,0.51468,0.44458,37.04
7.44,0.16813,0.42913,0.41502,0.51468,0.44458,37.04
7.448,0.16716,0.42229,0.41995,0.51468,0.43966,37.04
7.456,0.16618,0.41544,0.41995,0.51468,0.43473,37.04
7.464,0.1652,0.4086,0.41995,0.51468,0.43473,37.04
7.472,0.16422,0.40176,0.41995,0.50978,0.43473,37.04
7.48,0.16422,0.39492,0.41995,0.50978,0.43966,37.04
7.488,0.16422,0.39003,0.41502,0.50978,0.43966,37.04
7.496,0.16422,0.38514,0.41995,0.50978,0.43966,37.04
7.504,0.1652,0.38025,0.42488,0.50489,0.43473,37.04
7.512,0.16618,0.37537,0.41995,0.50489,0.4298,37.04
7.52,0.16716,0.3695,0.41995,0.5,0.42488,37.04
7.528,0.16813,0.36461,0.41995,0.5,0.42488,37.04
7.536,0.17009,0.35875,0.41502,0.5,0.42488,37.04
7.544,0.17204,0.35386,0.4101,0.5,0.42488,37.04
7.552,0.17302,0.34897,0.4101,0.49511,0.42488,37.04
7.56,0.17498,0.34409,0.4101,0.49511,0.41995,37.04
7.568,0.17595,0.3392,0.4101,0.49511,0.41502,37.04
7.576,0.17791,0.33529,0.41502,0.49511,0.4101,37.04
7.584,0.17986,0.33236,0.4101,0.49511,0.40025,37.04
7.592,0.18182,0.3304,0.41995,0.49022,0.39532,37.04
7.6,0.18377,0.32845,0.41995,0.49022,0.38547,37.04
7.608,0.18573,0.32649,0.42488,0.49022,0.38054,37.04
7.616,0.18768,0.32454,0.42488,0.48532,0.38054,37.04
7.624,0.18964,0.32258,0.43473,0.48532,0.38054,37.04
7.632,0.19062,0.3216,0.44458,0.49022,0.37562,37.04
7.64,0.19159,0.31965,0.44458,0.49511,0.38054,37.04
7.648,0.19257,0.31769,0.44951,0.49511,0.38054,37.04
7.656,0.19257,0.31476,0.45443,0.50489,0.38547,37.04
7.664,0.19355,0.31281,0.46059,0.50978,0.39039,37.04
7.672,0.19355,0.30987,0.47044,0.50978,0.39532,37.04
7.68,0.19453,0.30694,0.47044,0.51957,0.39532,37.04
7.688,0.19453,0.30499,0.47044,0.52544,0.4101,37.04
7.696,0.1955,0.30401,0.47044,0.52544,0.42488,37.04
7.704,0.1955,0.30205,0.47044,0.53033,0.42488,37.04
7.712,0.1955,0.3001,0.4803,0.53523,0.42488,37.04
7.72,0.1955,0.29814,0.48522,0.53523,0.4298,37.04
7.728,0.1955,0.29619,0.48522,0.53523,0.43473,37.04
7.736,0.1955,0.29423,0.47537,0.53033,0.43473,37.04
7.744,0.1955,0.29228,0.47044,0.52544,0.43966,37.04
7.752,0.1955,0.2913,0.47044,0.53033,0.44458,37.04
7.76,0.1955,0.29032,0.47044,0.53033,0.44458,37.04
7.768,0.19648,0.28935,0.47044,0.53033,0.44458,37.04
7.776,0.19746,0.28837,0.47044,0.53033,0.44458,37.04
7.784,0.19844,0.28837,0.46552,0.52544,0.44951,37.04
7.792,0.20039,0.28837,0.47044,0.52544,0.44458,37.04
7.8,0.20235,0.28837,0.47044,0.53033,0.44951,37.04
7.808,0.2043,0.28739,0.47044,0.52544,0.44458,37.04
7.816,0.20626,0.28446,0.46552,0.53033,0.43966,37.04
7.824,0.20821,0.28152,0.47044,0.53033,0.43966,37.04
7.832,0.20919,0.27859,0.47044,0.52544,0.43966,37.04
7.84,0.21114,0.27566,0.47044,0.52544,0.43966,37.04
7.848,0.2131,0.27566,0.46552,0.52544,0.43966,37.04
7.856,0.21408,0.27859,0.47044,0.51957,0.43473,37.04
7.864,0.21603,0.28739,0.47044,0.53033,0.43966,37.04
7.872,0.21799,0.30108,0.47044,0.53033,0.43966,37.04
7.88,0.21994,0.31965,0.47044,0.53033,0.43966,37.04
7.888,0.2219,0.34115,0.47044,0.53033,0.43966,37.04
7.896,0.22385,0.36364,0.47044,0.53033,0.43966,37.04
7.904,0.22581,0.39198,0.47044,0.52544,0.44458,37.04
7.912,0.22776,0.42424,0.47044,0.53033,0.44458,37.04
7.92,0.22972,0.4565,0.47044,0.52544,0.43473,37.04
7.928,0.23167,0.48876,0.4803,0.53033,0.42488,37.04
7.936,0.23363,0.51808,0.49015,0.53033,0.41502,37.04
7.944,0.2346,0.54448,0.50493,0.54012,0.40517,37.04
7.952,0.23558,0.56598,0.51478,0.5499,0.39532,37.04
7.96,0.23656,0.58456,0.53941,0.55969,0.37562,37.04
7.968,0.23851,0.59726,0.56034,0.56458,0.34975,37.04
7.976,0.23851,0.60704,0.58498,0.58023,0.32512,37.04
7.984,0.23949,0.61193,0.59483,0.58513,0.31527,37.04
