Time [s], RESP, PLETH, V, AVR, II
0,0.35386,0.43597,0.52549,0.30392,0.72549
0.008,0.35679,0.43206,0.51961,0.33529,0.67059
0.016,0.35875,0.42815,0.51569,0.37451,0.6098
0.024,0.36168,0.42424,0.50588,0.41961,0.55098
0.032,0.36364,0.42131,0.5098,0.44902,0.5
0.04,0.36559,0.41838,0.50588,0.48039,0.4549
0.048,0.36657,0.4174,0.51569,0.5098,0.4098
0.056,0.36852,0.41642,0.51569,0.51961,0.3902
0.064,0.36852,0.41544,0.51961,0.53529,0.37451
0.072,0.36852,0.41447,0.51961,0.5451,0.35882
0.08,0.36852,0.41251,0.52549,0.5451,0.3549
0.088,0.36755,0.41153,0.52549,0.5549,0.34902
0.096,0.36657,0.40958,0.53529,0.55098,0.3549
0.104,0.36559,0.40762,0.52941,0.5451,0.36471
0.112,0.36168,0.40665,0.52549,0.5451,0.3549
0.12,0.35875,0.40665,0.53529,0.5451,0.36471
0.128,0.35288,0.40665,0.52549,0.5451,0.37451
0.136,0.34702,0.40762,0.51961,0.53529,0.37059
0.144,0.34115,0.4086,0.51961,0.52941,0.3902
0.152,0.33431,0.4086,0.51961,0.52941,0.3902
0.16,0.32747,0.41056,0.51569,0.52941,0.3902
0.168,0.3216,0.41153,0.51961,0.51961,0.39412
0.176,0.31183,0.41153,0.51569,0.51961,0.40392
0.184,0.30303,0.41056,0.51961,0.51961,0.40392
0.192,0.29228,0.4086,0.51569,0.51961,0.4
0.2,0.28152,0.40665,0.51961,0.52549,0.39412
0.208,0.26882,0.40469,0.51569,0.52941,0.38431
0.216,0.25611,0.40469,0.51961,0.52941,0.38431
0.224,0.24242,0.40567,0.51569,0.52941,0.38039
0.232,0.22874,0.4086,0.51961,0.51961,0.3902
0.24,0.21799,0.41251,0.52941,0.51569,0.40392
0.248,0.20626,0.42033,0.5549,0.5,0.41961
0.256,0.19648,0.43206,0.56471,0.50588,0.41961
0.264,0.18768,0.45259,0.57451,0.49412,0.42549
0.272,0.17791,0.4741,0.5451,0.5,0.42549
0.28,0.16911,0.4956,0.52941,0.5098,0.4
0.288,0.16129,0.51808,0.5,0.51961,0.3902
0.296,0.15347,0.5347,0.4902,0.51569,0.40392
0.304,0.14663,0.55034,0.47451,0.51569,0.41961
0.312,0.14076,0.56403,0.47059,0.5,0.42941
0.32,0.13685,0.57576,0.47451,0.5,0.43529
0.328,0.13294,0.58456,0.49412,0.5098,0.42941
0.336,0.13001,0.59238,0.50588,0.51961,0.41569
0.344,0.1261,0.59629,0.51961,0.52549,0.4098
0.352,0.12414,0.59922,0.51569,0.51961,0.41569
0.36,0.12121,0.60117,0.51569,0.51961,0.41961
0.368,0.11926,0.60215,0.5549,0.52549,0.40392
0.376,0.11632,0.60313,0.6451,0.55098,0.34902
0.384,0.11437,0.60313,0.55098,0.38431,0.6549
0.392,0.11241,0.60117,0.052941,-0.092157,1.5039
0.4,0.11046,0.59824,-0.50196,-0.43725,1.5039
0.408,0.1085,0.59335,-0.41176,-0.05098,1.5039
0.416,0.10655,0.58553,0.2,0.4549,0.66078
0.424,0.10557,0.57771,0.43922,0.52941,0.42941
0.432,0.10166,0.57185,0.50588,0.51961,0.41961
0.44,0.098729,0.56207,0.53922,0.52549,0.40392
0.448,0.094819,0.54741,0.56471,0.52549,0.38431
0.456,0.089932,0.53372,0.58039,0.5451,0.34902
0.464,0.086022,0.52102,0.59608,0.5549,0.33922
0.472,0.082111,0.50929,0.58039,0.53922,0.3549
0.48,0.078201,0.50244,0.56471,0.52941,0.38039
0.488,0.075269,0.49756,0.5549,0.53529,0.38039
0.496,0.070381,0.4956,0.5549,0.51961,0.3902
0.504,0.065494,0.49462,0.5451,0.51961,0.40392
0.512,0.060606,0.49365,0.53922,0.51961,0.39412
0.52,0.054741,0.49365,0.53922,0.5098,0.40392
0.528,0.048876,0.49365,0.52941,0.4902,0.42941
0.536,0.043988,0.49169,0.51961,0.48431,0.43529
0.544,0.038123,0.48876,0.51961,0.49412,0.43922
0.552,0.033236,0.4868,0.52549,0.47059,0.46078
0.56,0.028348,0.48387,0.53529,0.4549,0.48431
0.568,0.024438,0.48094,0.53922,0.43922,0.51569
0.576,0.022483,0.47801,0.52549,0.41961,0.55098
0.584,0.01955,0.47507,0.51961,0.38431,0.60588
0.592,0.01955,0.47116,0.51569,0.3549,0.6549
0.6,0.018573,0.46823,0.5098,0.32353,0.69608
0.608,0.01955,0.46334,0.5,0.30392,0.72549
0.616,0.021505,0.45846,0.5,0.29412,0.74118
0.624,0.02346,0.45357,0.4902,0.28431,0.75098
0.632,0.026393,0.44868,0.4902,0.2902,0.74118
0.64,0.030303,0.44379,0.47451,0.3098,0.71569
0.648,0.035191,0.43891,0.48431,0.33922,0.66471
0.656,0.042033,0.435,0.48431,0.38039,0.60588
0.664,0.049853,0.43109,0.4902,0.42549,0.5451
0.672,0.060606,0.4262,0.48431,0.46471,0.47451
0.68,0.070381,0.42326,0.5,0.5,0.42941
0.688,0.082111,0.42033,0.5098,0.51961,0.38431
0.696,0.094819,0.41838,0.51961,0.5451,0.3451
0.704,0.10753,0.41642,0.52549,0.56471,0.31961
0.712,0.12121,0.41447,0.52549,0.58039,0.3098
0.72,0.13392,0.41447,0.52549,0.58039,0.3098
0.728,0.14663,0.41349,0.52941,0.57059,0.3098
0.736,0.15934,0.41251,0.52549,0.57451,0.30392
0.744,0.17107,0.41251,0.51961,0.5902,0.29412
0.752,0.18475,0.41251,0.51569,0.58039,0.3
0.76,0.19746,0.41251,0.50588,0.56471,0.32941
0.768,0.21114,0.41251,0.5,0.57059,0.32941
0.776,0.22581,0.41349,0.5,0.57059,0.32353
0.784,0.23754,0.41544,0.50588,0.56078,0.33922
0.792,0.25024,0.4174,0.5098,0.56471,0.32941
0.8,0.26197,0.41935,0.51569,0.56471,0.33529
0.808,0.2737,0.42033,0.5,0.56078,0.33922
0.816,0.28446,0.42131,0.50588,0.56471,0.33922
0.824,0.29521,0.42131,0.50588,0.5549,0.33922
0.832,0.30596,0.42033,0.5,0.56078,0.33922
0.84,0.31672,0.41935,0.5,0.56471,0.33529
0.848,0.32845,0.41642,0.50588,0.56078,0.32941
0.856,0.34018,0.41447,0.5,0.57059,0.31961
0.864,0.35191,0.41349,0.5098,0.56471,0.32941
0.872,0.36364,0.41349,0.50588,0.56471,0.33529
0.88,0.37439,0.41642,0.53529,0.56078,0.33922
0.888,0.38514,0.42131,0.5549,0.5451,0.3549
0.896,0.39394,0.42815,0.57059,0.53529,0.36471
0.904,0.40371,0.43695,0.5549,0.55098,0.3451
0.912,0.41447,0.45064,0.53922,0.5451,0.33529
0.92,0.42522,0.46823,0.5,0.56078,0.31373
0.928,0.43793,0.4868,0.48431,0.57059,0.3098
0.936,0.44966,0.50538,0.46471,0.57059,0.31373
0.944,0.46139,0.52395,0.46078,0.56471,0.32941
0.952,0.47312,0.54154,0.46471,0.57059,0.31961
0.96,0.48387,0.55816,0.46078,0.56078,0.33529
0.968,0.4956,0.57185,0.47451,0.57451,0.3098
0.976,0.50831,0.58162,0.47451,0.58039,0.3098
0.984,0.52199,0.58749,0.47059,0.5902,0.30392
0.992,0.53568,0.59042,0.46471,0.58039,0.3098
1,0.55034,0.59042,0.47451,0.58039,0.31373
1.008,0.56696,0.5914,0.56471,0.59608,0.26471
1.016,0.5826,0.59042,0.58431,0.49412,0.4549
1.024,0.59922,0.58944,0.23922,0.084314,1.2078
1.032,0.61681,0.58651,-0.38824,-0.41765,1.5039
1.04,0.63245,0.5826,-0.50196,-0.42353,1.5039
1.048,0.64712,0.57771,0.029412,0.37451,0.82549
1.056,0.66178,0.57087,0.39412,0.60588,0.33529
1.064,0.67546,0.56305,0.47451,0.57451,0.31373
1.072,0.69013,0.5523,0.48039,0.56078,0.33529
1.08,0.70381,0.54057,0.5,0.57059,0.31373
1.088,0.71848,0.52884,0.5098,0.57059,0.3098
1.096,0.73314,0.51711,0.51961,0.57059,0.30392
1.104,0.74682,0.50733,0.52549,0.57059,0.3098
1.112,0.76051,0.49756,0.51961,0.5549,0.31373
1.12,0.77322,0.48778,0.50588,0.56078,0.3098
1.128,0.78592,0.47996,0.49412,0.5451,0.33529
1.136,0.79863,0.4741,0.4902,0.5549,0.33529
1.144,0.81232,0.47019,0.49412,0.53922,0.34902
1.152,0.826,0.46823,0.5,0.53529,0.36471
1.16,0.83969,0.46725,0.48431,0.52549,0.37451
1.168,0.85435,0.46628,0.47451,0.5098,0.40392
1.176,0.86999,0.46432,0.48039,0.5,0.42549
1.184,0.88465,0.46041,0.4902,0.48039,0.44902
1.192,0.90029,0.4565,0.4902,0.46471,0.48039
1.2,0.91496,0.45259,0.49412,0.4451,0.51569
1.208,0.92864,0.4477,0.47451,0.4098,0.57059
1.216,0.94135,0.44379,0.46078,0.38431,0.6098
1.224,0.95503,0.43891,0.4451,0.33922,0.67647
1.232,0.96774,0.43304,0.42941,0.3098,0.73137
1.24,0.98143,0.43011,0.42941,0.28431,0.77647
1.248,0.9912,0.42717,0.42549,0.26471,0.8
1.256,1,0.42522,0.42549,0.26471,0.8
1.264,1,0.42229,0.42941,0.26863,0.8
1.272,1,0.41935,0.4098,0.27843,0.77647
1.28,1,0.4174,0.40392,0.32353,0.71569
1.288,1,0.41544,0.42941,0.36471,0.65098
1.296,1,0.41349,0.47059,0.4098,0.58431
1.304,1,0.41251,0.5,0.4549,0.50588
1.312,1,0.41153,0.53922,0.50588,0.43529
1.32,1,0.41153,0.56471,0.5451,0.37059
1.328,1,0.41153,0.59608,0.57059,0.32941
1.336,1,0.41251,0.6,0.59608,0.2902
1.344,1,0.41349,0.6098,0.61569,0.25882
1.352,1,0.41349,0.61569,0.62549,0.23922
1.36,1,0.41447,0.6098,0.63529,0.22941
1.368,1,0.41544,0.5902,0.62941,0.23922
1.376,1,0.41642,0.58431,0.61569,0.2549
1.384,1,0.41642,0.58039,0.61569,0.26471
1.392,1,0.4174,0.58431,0.6,0.28431
1.4,1,0.4174,0.5902,0.58431,0.30392
1.408,1,0.41838,0.59608,0.57059,0.32941
1.416,1,0.41838,0.60588,0.56471,0.3451
1.424,1,0.41838,0.59608,0.55098,0.3549
1.432,1,0.41935,0.59608,0.55098,0.37059
1.44,1,0.42033,0.5902,0.5451,0.38039
1.448,1,0.42033,0.5902,0.53922,0.38431
1.456,1,0.42131,0.57059,0.53922,0.39412
1.464,1,0.42033,0.57059,0.5451,0.38431
1.472,1,0.41838,0.56471,0.5451,0.38431
1.48,1,0.41642,0.56471,0.53922,0.38039
1.488,1,0.41544,0.5549,0.55098,0.37451
1.496,1,0.41349,0.55098,0.55098,0.37059
1.504,1,0.41153,0.5451,0.5451,0.36471
1.512,1,0.41056,0.56078,0.55098,0.35882
1.52,1,0.41153,0.57059,0.53922,0.37451
1.528,1,0.41447,0.59608,0.52941,0.38431
1.536,1,0.41935,0.60588,0.53922,0.38039
1.544,1,0.42717,0.61569,0.53922,0.35882
1.552,1,0.43891,0.5902,0.5451,0.34902
1.56,1,0.45357,0.56471,0.56078,0.31373
1.568,1,0.47214,0.52549,0.57059,0.3098
1.576,1,0.48974,0.51569,0.57059,0.31961
1.584,1,0.50831,0.4902,0.56471,0.33529
1.592,1,0.52395,0.48431,0.56078,0.33922
1.6,1,0.53666,0.49412,0.56078,0.33529
1.608,1,0.54839,0.5,0.56471,0.33529
1.616,1,0.55914,0.5,0.57059,0.32353
1.624,1,0.56794,0.5,0.57451,0.32941
1.632,0.98925,0.5738,0.5,0.57059,0.33529
1.64,0.97849,0.57771,0.49412,0.57059,0.3451
1.648,0.95894,0.57967,0.55098,0.58431,0.3
1.656,0.93939,0.57967,0.6098,0.60588,0.25882
1.664,0.91887,0.57869,0.44902,0.3549,0.71569
1.672,0.89834,0.57674,-0.16275,-0.18627,1.5039
1.68,0.87879,0.5738,-0.50196,-0.38235,1.5039
1.688,0.85924,0.56989,-0.33725,0.094118,1.3784
1.696,0.84066,0.56403,0.21373,0.51569,0.51961
1.704,0.82307,0.55523,0.39412,0.5451,0.40392
1.712,0.80352,0.54448,0.43922,0.52549,0.4098
1.72,0.78495,0.53275,0.47451,0.53922,0.37059
1.728,0.76442,0.52102,0.5,0.53922,0.3549
1.736,0.74487,0.50929,0.51961,0.5549,0.33529
1.744,0.7263,0.49951,0.51569,0.5451,0.3549
1.752,0.70772,0.49169,0.5,0.53529,0.37059
1.76,0.6911,0.48583,0.48431,0.52941,0.37451
1.768,0.67351,0.47996,0.48039,0.53529,0.36471
1.776,0.65689,0.4741,0.48431,0.52549,0.38039
1.784,0.6393,0.46921,0.49412,0.52941,0.38039
1.792,0.62366,0.4653,0.5,0.51961,0.38039
1.8,0.60704,0.46237,0.49412,0.51569,0.4
1.808,0.59238,0.46041,0.47451,0.5,0.41961
1.816,0.57771,0.45748,0.48431,0.5,0.41961
1.824,0.565,0.45455,0.47451,0.47451,0.46078
1.832,0.5523,0.45064,0.48039,0.46471,0.47451
1.84,0.54252,0.44575,0.47451,0.44902,0.50588
1.848,0.53275,0.44086,0.48039,0.43529,0.52549
1.856,0.52493,0.43695,0.47451,0.4,0.5902
1.864,0.51711,0.43206,0.48039,0.37451,0.61961
1.872,0.51026,0.42815,0.47451,0.33922,0.67647
1.88,0.5044,0.42522,0.47451,0.3098,0.72157
1.888,0.49951,0.42326,0.47059,0.28431,0.75098
1.896,0.4956,0.42131,0.47451,0.26863,0.77647
1.904,0.49169,0.41935,0.48039,0.27843,0.77059
1.912,0.48778,0.4174,0.48039,0.27451,0.77059
1.92,0.48485,0.41544,0.48039,0.29412,0.7451
1.928,0.48192,0.41349,0.48431,0.32941,0.6902
1.936,0.47898,0.41251,0.48039,0.37059,0.62941
1.944,0.47703,0.41056,0.48039,0.4098,0.56471
1.952,0.47507,0.40958,0.48039,0.44902,0.50588
1.96,0.47312,0.4086,0.4902,0.4902,0.4549
1.968,0.47116,0.40762,0.49412,0.51569,0.41569
1.976,0.47019,0.40762,0.49412,0.52941,0.3902
1.984,0.46823,0.40762,0.5,0.5451,0.36471
1.992,0.46725,0.40762,0.5,0.56078,0.3451
2,0.4653,0.40762,0.50588,0.57059,0.33529
2.008,0.46432,0.4086,0.5,0.56471,0.32941
2.016,0.46139,0.4086,0.51569,0.56471,0.33529
2.024,0.45943,0.40762,0.5098,0.57059,0.32353
2.032,0.4565,0.40762,0.51569,0.56078,0.33922
2.04,0.45357,0.40762,0.5098,0.5451,0.35882
2.048,0.44868,0.4086,0.5098,0.5451,0.36471
2.056,0.44477,0.4086,0.5,0.5451,0.37451
2.064,0.43891,0.41056,0.5098,0.53922,0.36471
2.072,0.43402,0.41153,0.50588,0.53529,0.38039
2.08,0.42815,0.41153,0.5098,0.52941,0.38431
2.088,0.42229,0.41251,0.50588,0.53529,0.39412
2.096,0.41447,0.41251,0.5098,0.51961,0.40392
2.104,0.40665,0.41056,0.50588,0.52941,0.38039
2.112,0.39687,0.4086,0.5,0.51961,0.39412
2.12,0.3871,0.40665,0.5,0.51961,0.39412
2.128,0.37634,0.40469,0.50588,0.52941,0.38039
2.136,0.36559,0.40469,0.50588,0.53529,0.37451
2.144,0.35386,0.40567,0.5098,0.53922,0.37059
2.152,0.34213,0.4086,0.5098,0.53529,0.37451
2.16,0.33138,0.41447,0.52941,0.52549,0.3902
2.168,0.3216,0.42424,0.5451,0.51961,0.4
2.176,0.31281,0.43793,0.56471,0.51961,0.39412
2.184,0.30303,0.4565,0.57059,0.51961,0.3902
2.192,0.29521,0.47507,0.57451,0.52941,0.38039
2.2,0.28739,0.49267,0.5451,0.53922,0.3549
2.208,0.28055,0.51222,0.51961,0.56078,0.31961
2.216,0.2737,0.53079,0.49412,0.55098,0.3451
2.224,0.26784,0.54936,0.47059,0.5451,0.35882
2.232,0.26295,0.565,0.46078,0.5451,0.37451
2.24,0.25904,0.57869,0.46471,0.5451,0.37059
2.248,0.25513,0.58944,0.48039,0.5451,0.37451
2.256,0.25318,0.59824,0.4902,0.56078,0.33922
2.264,0.25122,0.60411,0.5,0.56471,0.34902
2.272,0.25024,0.60802,0.49412,0.57059,0.33922
2.28,0.25024,0.60997,0.49412,0.56471,0.34902
2.288,0.25122,0.60997,0.4902,0.56078,0.3549
2.296,0.2522,0.60997,0.6,0.5902,0.26863
2.304,0.25318,0.60899,0.61569,0.5,0.44902
2.312,0.25513,0.60899,0.2,0.1098,1.1765
2.32,0.25611,0.60606,-0.50196,-0.36667,1.5039
2.328,0.25806,0.60117,-0.50196,-0.38235,1.5039
2.336,0.25904,0.59433,-0.072549,0.37451,0.81569
2.344,0.26002,0.58456,0.3,0.52941,0.4549
2.352,0.25904,0.57478,0.4098,0.51961,0.42941
2.36,0.25904,0.56305,0.47059,0.52549,0.4
2.368,0.25709,0.55132,0.50588,0.53529,0.36471
2.376,0.25611,0.53959,0.53529,0.5451,0.34902
2.384,0.25415,0.52884,0.5451,0.5451,0.33922
2.392,0.2522,0.52102,0.53922,0.53922,0.34902
2.4,0.24927,0.5132,0.53922,0.52549,0.37059
2.408,0.24633,0.50635,0.52941,0.52549,0.35882
2.416,0.24145,0.50244,0.52549,0.51961,0.38039
2.424,0.23754,0.49853,0.51961,0.5098,0.39412
2.432,0.23265,0.49658,0.52941,0.5,0.40392
2.44,0.22678,0.49462,0.52941,0.5,0.41569
2.448,0.22092,0.49169,0.53529,0.49412,0.41961
2.456,0.21505,0.48876,0.51961,0.48431,0.42941
2.464,0.20821,0.48583,0.51961,0.47451,0.44902
2.472,0.20235,0.48094,0.52549,0.46471,0.47059
2.48,0.19648,0.47605,0.51961,0.4451,0.4902
2.488,0.19159,0.47214,0.51961,0.42549,0.51961
2.496,0.18768,0.46823,0.51961,0.40392,0.56471
2.504,0.1828,0.4653,0.51569,0.38039,0.6
2.512,0.17889,0.46237,0.51569,0.34902,0.6451
2.52,0.17498,0.46041,0.5098,0.31961,0.69608
2.528,0.17107,0.45846,0.5098,0.2902,0.7451
2.536,0.16813,0.4565,0.50588,0.26863,0.77647
2.544,0.1652,0.45357,0.51961,0.2549,0.79608
2.552,0.16325,0.44966,0.51961,0.25882,0.79608
2.56,0.16129,0.44575,0.51961,0.26471,0.78039
2.568,0.15934,0.44184,0.50588,0.2902,0.74118
2.576,0.15836,0.43793,0.5,0.31961,0.7
2.584,0.15738,0.43304,0.49412,0.35882,0.65098
2.592,0.15543,0.42913,0.5,0.40392,0.58431
2.6,0.15445,0.42424,0.50588,0.4451,0.52549
2.608,0.15347,0.41838,0.51569,0.47451,0.48039
2.616,0.15249,0.41447,0.52941,0.49412,0.4549
2.624,0.15152,0.41153,0.5451,0.50588,0.42941
2.632,0.15054,0.40958,0.5451,0.51569,0.41569
2.64,0.14956,0.4086,0.56471,0.52941,0.4
2.648,0.14858,0.40958,0.57451,0.53529,0.3902
2.656,0.14761,0.40958,0.57451,0.53922,0.3902
2.664,0.14663,0.40958,0.57059,0.52549,0.40392
2.672,0.14467,0.41056,0.57059,0.52941,0.41569
2.68,0.14272,0.41056,0.57451,0.53529,0.4098
2.688,0.14076,0.41056,0.57059,0.51961,0.41961
2.696,0.13783,0.41056,0.58039,0.51961,0.42549
2.704,0.13392,0.41056,0.57451,0.52549,0.41961
2.712,0.13099,0.41056,0.58039,0.51961,0.42549
2.72,0.12708,0.41056,0.57059,0.51961,0.41569
2.728,0.12317,0.41153,0.57451,0.51961,0.42549
2.736,0.11828,0.41056,0.57059,0.51569,0.42549
2.744,0.11241,0.41056,0.57059,0.51961,0.41569
2.752,0.10557,0.41056,0.56471,0.52941,0.4098
2.76,0.098729,0.40958,0.5549,0.52941,0.40392
2.768,0.090909,0.40958,0.5451,0.5451,0.39412
2.776,0.083089,0.40958,0.53922,0.52941,0.40392
2.784,0.075269,0.40958,0.53529,0.53529,0.4
2.792,0.066471,0.41056,0.53922,0.53922,0.38039
2.8,0.059629,0.41251,0.5451,0.51961,0.40392
2.808,0.052786,0.41642,0.56078,0.52549,0.4098
2.816,0.047898,0.42522,0.5902,0.51961,0.40392
2.824,0.042033,0.43793,0.6,0.51569,0.41569
2.832,0.037146,0.45552,0.5902,0.51961,0.39412
2.84,0.032258,0.47605,0.56078,0.53529,0.37451
2.848,0.02737,0.49658,0.52941,0.53922,0.36471
2.856,0.02346,0.51808,0.5,0.53922,0.35882
2.864,0.021505,0.53763,0.4902,0.5451,0.35882
2.872,0.01955,0.55523,0.48039,0.5451,0.36471
2.88,0.01955,0.56989,0.47451,0.5549,0.3549
2.888,0.01955,0.58065,0.48039,0.55098,0.35882
2.896,0.022483,0.58651,0.49412,0.56078,0.34902
2.904,0.026393,0.59238,0.49412,0.56471,0.33922
2.912,0.031281,0.59726,0.5,0.57059,0.33529
2.92,0.037146,0.59922,0.4902,0.57059,0.33529
2.928,0.044966,0.6002,0.48431,0.56078,0.3451
2.936,0.052786,0.6002,0.58431,0.59608,0.27451
2.944,0.062561,0.59824,0.61569,0.50588,0.42941
2.952,0.072336,0.59433,0.2902,0.1549,1.0922
2.96,0.083089,0.58944,-0.36275,-0.35294,1.5039
2.968,0.093842,0.58456,-0.50196,-0.37843,1.5039
2.976,0.10459,0.57674,-0.0058823,0.3451,0.89608
2.984,0.11535,0.56696,0.38039,0.5902,0.35882
2.992,0.12708,0.55621,0.4451,0.57059,0.33922
3,0.13881,0.54545,0.47059,0.55098,0.3549
3.008,0.15249,0.53177,0.49412,0.56078,0.33529
3.016,0.1652,0.51711,0.51569,0.57059,0.3098
3.024,0.17693,0.50342,0.52941,0.56471,0.31373
3.032,0.18866,0.49169,0.51569,0.56078,0.3098
3.04,0.20039,0.48192,0.50588,0.56471,0.31961
3.048,0.21114,0.47605,0.5098,0.55098,0.33529
3.056,0.22287,0.47214,0.50588,0.56078,0.32941
3.064,0.2346,0.47019,0.5,0.5451,0.3451
3.072,0.24731,0.46921,0.49412,0.55098,0.3549
3.08,0.26002,0.46725,0.5,0.53922,0.35882
3.088,0.2737,0.46628,0.48431,0.53529,0.37059
3.096,0.28739,0.4653,0.47451,0.53922,0.37451
3.104,0.30108,0.46334,0.47059,0.51961,0.3902
3.112,0.31476,0.46139,0.47451,0.50588,0.41961
3.12,0.32747,0.45943,0.47059,0.4902,0.4451
3.128,0.3392,0.45552,0.47451,0.46471,0.48039
3.136,0.34995,0.45259,0.47059,0.43529,0.52941
3.144,0.3607,0.44966,0.46471,0.40392,0.57059
3.152,0.37243,0.44575,0.4549,0.37451,0.61961
3.16,0.38416,0.44086,0.44902,0.33529,0.68627
3.168,0.39687,0.435,0.43529,0.30392,0.72549
3.176,0.40958,0.43011,0.42941,0.29412,0.74118
3.184,0.42033,0.42522,0.43922,0.2902,0.7451
3.192,0.43206,0.42131,0.42941,0.28431,0.7549
3.2,0.44184,0.4174,0.4451,0.30392,0.72549
3.208,0.45161,0.41447,0.4451,0.32941,0.68627
3.216,0.46237,0.41251,0.46471,0.37451,0.61569
3.224,0.4741,0.41056,0.46471,0.40392,0.56471
3.232,0.4868,0.41056,0.47451,0.4549,0.49412
3.24,0.49853,0.4086,0.4902,0.5,0.41961
3.248,0.51222,0.40665,0.5,0.53529,0.37059
3.256,0.5259,0.40567,0.4902,0.55098,0.34902
3.264,0.53959,0.40469,0.5098,0.56471,0.32941
3.272,0.55425,0.40371,0.5098,0.58431,0.3
3.28,0.56696,0.40274,0.51961,0.58431,0.30392
3.288,0.57967,0.40176,0.51569,0.5902,0.28431
3.296,0.59238,0.40176,0.51961,0.5902,0.2902
3.304,0.60508,0.40078,0.50588,0.59608,0.28431
3.312,0.61877,0.39883,0.51961,0.58431,0.3
3.32,0.63245,0.39687,0.51961,0.58039,0.3098
3.328,0.64614,0.39394,0.52941,0.57451,0.30392
3.336,0.6608,0.39198,0.51961,0.56471,0.32941
3.344,0.67449,0.39003,0.52549,0.57059,0.33529
3.352,0.68719,0.38905,0.52941,0.56471,0.33529
3.36,0.69892,0.38807,0.52941,0.57059,0.33529
3.368,0.71065,0.38807,0.52549,0.56471,0.33922
3.376,0.72141,0.38807,0.51961,0.55098,0.3549
3.384,0.73314,0.38807,0.51569,0.5451,0.3549
3.392,0.74389,0.3871,0.50588,0.55098,0.3549
3.4,0.75562,0.38514,0.5098,0.5451,0.3549
3.408,0.76735,0.38319,0.50588,0.5549,0.34902
3.416,0.7781,0.38123,0.5098,0.56078,0.33922
3.424,0.78886,0.37928,0.50588,0.5549,0.3451
3.432,0.80059,0.3783,0.51569,0.55098,0.34902
3.44,0.81036,0.38025,0.53922,0.5549,0.3549
3.448,0.82014,0.38221,0.56078,0.5451,0.36471
3.456,0.82991,0.38807,0.57451,0.53529,0.37059
3.464,0.83969,0.39687,0.5902,0.53922,0.37059
3.472,0.85142,0.4086,0.57059,0.53922,0.37451
3.48,0.86217,0.42522,0.5451,0.5549,0.33529
3.488,0.87488,0.44086,0.50588,0.56471,0.31961
3.496,0.88759,0.45748,0.5,0.56471,0.33529
3.504,0.89932,0.47703,0.4902,0.56078,0.33922
3.512,0.91202,0.4956,0.5,0.57059,0.3451
3.52,0.92278,0.5132,0.5,0.58039,0.32353
3.528,0.93451,0.52981,0.51961,0.57451,0.32353
3.536,0.94721,0.5435,0.53529,0.5902,0.30392
3.544,0.95992,0.55425,0.51961,0.59608,0.3
3.552,0.97458,0.56403,0.5,0.58431,0.3098
3.56,0.98827,0.57087,0.51569,0.5902,0.3098
3.568,0.99413,0.5738,0.58431,0.60588,0.2902
3.576,1,0.57576,0.68039,0.61569,0.2549
3.584,1,0.57674,0.57059,0.39412,0.65098
3.592,1,0.57674,0.068627,-0.14706,1.5039
3.6,1,0.57674,-0.42745,-0.39216,1.5039
3.608,1,0.5738,-0.43333,0.058824,1.4627
3.616,1,0.56989,0.30392,0.53529,0.50588
3.624,1,0.56207,0.50588,0.60588,0.32941
3.632,1,0.55132,0.52941,0.56078,0.35882
3.64,1,0.53959,0.53922,0.5451,0.36471
3.648,1,0.52688,0.5549,0.5451,0.37059
3.656,1,0.51515,0.56078,0.5451,0.35882
3.664,1,0.5044,0.58039,0.56078,0.33529
3.672,1,0.49658,0.58431,0.5549,0.33529
3.68,1,0.48974,0.56471,0.5451,0.34902
3.688,1,0.48485,0.53529,0.53529,0.37059
3.696,1,0.47996,0.53529,0.52549,0.38039
3.704,1,0.47703,0.53529,0.51961,0.4
3.712,1,0.47507,0.53529,0.51569,0.39412
3.72,1,0.47312,0.51961,0.5098,0.40392
3.728,1,0.47019,0.5098,0.50588,0.41961
3.736,1,0.46921,0.5,0.5,0.42549
3.744,1,0.46725,0.51569,0.4902,0.42941
3.752,1,0.4653,0.5098,0.47451,0.4549
3.76,1,0.46334,0.5098,0.44902,0.49412
3.768,1,0.46041,0.49412,0.42941,0.52941
3.776,1,0.45846,0.47451,0.40392,0.57451
3.784,1,0.45552,0.4549,0.37059,0.63529
3.792,1,0.45259,0.44902,0.32941,0.69608
3.8,1,0.44868,0.43922,0.2902,0.76078
3.808,1,0.44477,0.43922,0.26471,0.7902
3.816,1,0.43988,0.43922,0.2451,0.82549
3.824,1,0.43597,0.43529,0.24902,0.81176
3.832,1,0.43206,0.4451,0.26471,0.79608
3.84,1,0.42717,0.43922,0.28431,0.76078
3.848,1,0.42229,0.44902,0.31961,0.70588
3.856,1,0.4174,0.4549,0.36471,0.63529
3.864,1,0.41447,0.46078,0.40392,0.58039
3.872,1,0.41056,0.46078,0.44902,0.50588
3.88,1,0.40762,0.46471,0.48039,0.46078
3.888,1,0.40665,0.47451,0.51569,0.40392
3.896,1,0.40567,0.4902,0.53529,0.38039
3.904,1,0.40469,0.5,0.5451,0.3549
3.912,1,0.40469,0.50588,0.55098,0.3451
3.92,0.99218,0.40371,0.50588,0.56078,0.33529
3.928,0.98338,0.40176,0.5098,0.56471,0.32941
3.936,0.96188,0.3998,0.5,0.56471,0.33529
3.944,0.94037,0.3998,0.5098,0.56078,0.33529
3.952,0.91496,0.39883,0.5,0.5549,0.3451
3.96,0.89052,0.39883,0.5,0.5451,0.3549
3.968,0.86217,0.39883,0.5,0.5451,0.35882
3.976,0.8348,0.39883,0.5,0.53529,0.3549
3.984,0.80938,0.39883,0.5,0.53529,0.38039
3.992,0.78299,0.3998,0.5,0.53529,0.38039
4,0.75855,0.39785,0.5,0.52549,0.3902
4.008,0.73412,0.39589,0.4902,0.51961,0.40392
4.016,0.7087,0.39394,0.49412,0.52549,0.39412
4.024,0.68328,0.39198,0.4902,0.51961,0.4
4.032,0.65689,0.38905,0.49412,0.52549,0.39412
4.04,0.6305,0.38612,0.49412,0.51961,0.40392
4.048,0.60508,0.38319,0.5,0.52549,0.3902
4.056,0.57869,0.38123,0.5,0.53529,0.38039
4.064,0.55425,0.37928,0.5098,0.5451,0.36471
4.072,0.52981,0.38025,0.5098,0.5451,0.35882
4.08,0.50831,0.38221,0.51961,0.52941,0.38039
4.088,0.4868,0.38514,0.53529,0.51961,0.4
4.096,0.46823,0.39101,0.5549,0.51961,0.4098
4.104,0.44868,0.40078,0.57059,0.51569,0.4
4.112,0.43304,0.41349,0.57451,0.5098,0.4098
4.12,0.41642,0.43011,0.53529,0.51961,0.38431
4.128,0.40274,0.44966,0.53922,0.5451,0.3549
4.136,0.38807,0.47116,0.4902,0.53922,0.34902
4.144,0.37732,0.49169,0.47059,0.5451,0.3451
4.152,0.36657,0.51026,0.44902,0.53922,0.37451
4.16,0.35777,0.52688,0.44902,0.5451,0.36471
4.168,0.34995,0.54057,0.46078,0.5451,0.37059
4.176,0.34311,0.55132,0.47451,0.55098,0.35882
4.184,0.33627,0.55914,0.48039,0.57059,0.3451
4.192,0.33138,0.565,0.47451,0.57059,0.33922
4.2,0.32649,0.56891,0.48039,0.57059,0.33922
4.208,0.32356,0.57283,0.47451,0.56471,0.33922
4.216,0.32063,0.57478,0.58039,0.5902,0.27451
4.224,0.31867,0.57576,0.6098,0.59608,0.26471
4.232,0.31672,0.57576,0.3098,0.23333,0.94118
4.24,0.31476,0.57478,-0.41176,-0.31176,1.5039
4.248,0.31281,0.57087,-0.50196,-0.40784,1.5039
4.256,0.31183,0.565,-0.24706,0.23922,1.1059
4.264,0.31085,0.55816,0.2451,0.52549,0.48039
4.272,0.3089,0.54839,0.3902,0.53922,0.41961
4.28,0.30792,0.53763,0.46078,0.52941,0.38431
4.288,0.30596,0.52884,0.5,0.55098,0.3549
4.296,0.30401,0.52004,0.53529,0.56078,0.32941
4.304,0.30303,0.50929,0.53922,0.57059,0.31961
4.312,0.30205,0.50049,0.52941,0.5549,0.32941
4.32,0.3001,0.49365,0.51961,0.5451,0.34902
4.328,0.29912,0.48778,0.52549,0.53922,0.3451
4.336,0.29814,0.48289,0.51569,0.52941,0.36471
4.344,0.29619,0.48094,0.51961,0.52549,0.37451
4.352,0.29521,0.47996,0.53529,0.53529,0.37059
4.36,0.29326,0.47898,0.5451,0.51961,0.38039
4.368,0.29326,0.47898,0.52941,0.51961,0.3902
4.376,0.29326,0.47703,0.52549,0.51569,0.40392
4.384,0.29423,0.4741,0.51961,0.5,0.41961
4.392,0.29521,0.47116,0.52549,0.4902,0.43922
4.4,0.29619,0.46628,0.51961,0.47451,0.46471
4.408,0.29717,0.46139,0.51961,0.4549,0.4902
4.416,0.29912,0.4565,0.51961,0.41961,0.53922
4.424,0.30108,0.45161,0.51961,0.4,0.58039
4.432,0.30401,0.44673,0.52941,0.37451,0.62549
4.44,0.30792,0.44184,0.51961,0.33529,0.68627
4.448,0.31281,0.43695,0.52549,0.31373,0.70588
4.456,0.31672,0.43304,0.51961,0.29412,0.74118
4.464,0.3216,0.43011,0.52941,0.28431,0.75098
4.472,0.32551,0.4262,0.52549,0.27843,0.76667
4.48,0.32942,0.42326,0.53529,0.28431,0.75098
4.488,0.33333,0.42131,0.52549,0.3098,0.7098
4.496,0.33822,0.41935,0.52549,0.3451,0.6549
4.504,0.34311,0.41642,0.5098,0.38039,0.6098
4.512,0.348,0.41447,0.50588,0.41961,0.5549
4.52,0.35288,0.41349,0.5,0.4549,0.49412
4.528,0.35679,0.41251,0.50588,0.4902,0.43922
4.536,0.3607,0.41153,0.5098,0.5098,0.40392
4.544,0.36364,0.41153,0.51961,0.51961,0.39412
4.552,0.36657,0.41153,0.51961,0.52941,0.38039
4.56,0.36755,0.41153,0.52549,0.53529,0.37451
4.568,0.3695,0.41153,0.52941,0.53529,0.35882
4.576,0.3695,0.41153,0.51961,0.53529,0.37059
4.584,0.37048,0.41056,0.52941,0.53922,0.36471
4.592,0.36852,0.40958,0.53529,0.53529,0.37059
4.6,0.36657,0.40958,0.52941,0.53529,0.36471
4.608,0.36266,0.40958,0.52941,0.53529,0.38039
4.616,0.35875,0.40958,0.53529,0.52549,0.38431
4.624,0.35484,0.40958,0.52941,0.52549,0.3902
4.632,0.35093,0.41056,0.52549,0.52549,0.39412
4.64,0.34604,0.41056,0.51961,0.52549,0.4
4.648,0.34115,0.41447,0.52941,0.51961,0.4
4.656,0.33333,0.41935,0.51961,0.51961,0.39412
4.664,0.32649,0.42131,0.51961,0.5098,0.4098
4.672,0.31672,0.42229,0.51961,0.51569,0.4098
4.68,0.30694,0.42229,0.52549,0.51569,0.40392
4.688,0.29521,0.42229,0.52549,0.51961,0.4
4.696,0.28446,0.42229,0.52549,0.51961,0.39412
4.704,0.27175,0.42229,0.51961,0.52549,0.3902
4.712,0.26002,0.42326,0.52549,0.52549,0.38039
4.72,0.24927,0.42522,0.53529,0.51961,0.3902
4.728,0.23851,0.43011,0.5549,0.5098,0.4098
4.736,0.22874,0.44086,0.57059,0.5,0.42941
4.744,0.21896,0.45552,0.58039,0.49412,0.43922
4.752,0.20919,0.4741,0.56471,0.49412,0.43529
4.76,0.20039,0.4956,0.5451,0.5,0.41961
4.768,0.19159,0.51808,0.52549,0.50588,0.4
4.776,0.1828,0.53959,0.50588,0.5098,0.40392
4.784,0.17595,0.55816,0.47451,0.51569,0.41569
4.792,0.16911,0.57283,0.47059,0.5,0.43922
4.8,0.16325,0.58553,0.47451,0.50588,0.42941
4.808,0.15836,0.59629,0.4902,0.5098,0.42941
4.816,0.15347,0.60508,0.5,0.51569,0.42549
4.824,0.14956,0.6129,0.51569,0.51961,0.41961
4.832,0.14663,0.61779,0.51961,0.51961,0.41569
4.84,0.14272,0.61975,0.51569,0.51961,0.42549
4.848,0.13978,0.62072,0.51961,0.51569,0.42941
4.856,0.13685,0.6217,0.59608,0.53922,0.36471
4.864,0.13392,0.6217,0.6451,0.5451,0.3549
4.872,0.13099,0.62072,0.4,0.2098,0.99216
4.88,0.12805,0.61779,-0.27255,-0.34314,1.5039
4.888,0.12512,0.6129,-0.50196,-0.44706,1.5039
4.896,0.12219,0.60704,-0.12745,0.21373,1.1471
4.904,0.11926,0.59922,0.33922,0.51961,0.5098
4.912,0.11437,0.58944,0.48039,0.52549,0.43529
4.92,0.11046,0.57967,0.51961,0.50588,0.42549
4.928,0.10557,0.56794,0.55098,0.51961,0.40392
4.936,0.099707,0.55523,0.57059,0.52549,0.38431
4.944,0.095797,0.54252,0.58431,0.53922,0.36471
4.952,0.090909,0.53079,0.58039,0.53922,0.35882
4.96,0.086022,0.52102,0.56471,0.52941,0.38039
4.968,0.082111,0.5132,0.55098,0.53529,0.37451
4.976,0.076246,0.50733,0.56078,0.51961,0.38431
4.984,0.070381,0.50244,0.5451,0.51961,0.3902
4.992,0.062561,0.49951,0.53922,0.51961,0.4
5,0.054741,0.49853,0.55098,0.5098,0.40392
5.008,0.047898,0.49658,0.53922,0.5,0.41961
5.016,0.040078,0.49462,0.52941,0.5,0.42941
5.024,0.033236,0.49365,0.52549,0.49412,0.4451
5.032,0.026393,0.49169,0.53529,0.4902,0.44902
5.04,0.021505,0.48778,0.52549,0.47059,0.47451
5.048,0.01564,0.48387,0.52941,0.44902,0.5098
5.056,0.01173,0.47996,0.51961,0.42941,0.53529
5.064,0.0078201,0.47605,0.51961,0.40392,0.57059
5.072,0.0058651,0.47214,0.50588,0.37059,0.62941
5.08,0.0029325,0.46823,0.5,0.33529,0.68039
5.088,0.0029325,0.46432,0.5,0.31373,0.7098
5.096,0.001955,0.45943,0.5,0.3,0.73137
5.104,0.0029325,0.45552,0.48431,0.2902,0.7451
5.112,0.0039101,0.45161,0.4902,0.2902,0.7451
5.12,0.0058651,0.4477,0.48039,0.30392,0.72549
5.128,0.0087977,0.44379,0.49412,0.31961,0.69608
5.136,0.012708,0.44086,0.5,0.3549,0.64118
5.144,0.017595,0.43597,0.5,0.38431,0.58039
5.152,0.024438,0.43109,0.4902,0.43529,0.51961
5.16,0.031281,0.42717,0.5,0.47451,0.46078
5.168,0.040078,0.42424,0.5,0.51569,0.4
5.176,0.049853,0.42131,0.51961,0.53922,0.37059
5.184,0.061584,0.41838,0.51961,0.5451,0.34902
5.192,0.073314,0.4174,0.52941,0.56078,0.33529
5.2,0.084066,0.41447,0.53529,0.57059,0.31373
5.208,0.095797,0.41251,0.52941,0.57451,0.30392
5.216,0.10753,0.40958,0.52549,0.57059,0.3098
5.224,0.11926,0.40762,0.51961,0.57059,0.3098
5.232,0.13294,0.40665,0.51961,0.57451,0.3098
5.24,0.14663,0.40665,0.51569,0.57059,0.32353
5.248,0.16031,0.40665,0.50588,0.5549,0.33529
5.256,0.17498,0.4086,0.5,0.56078,0.32941
5.264,0.18768,0.41056,0.51569,0.5549,0.33529
5.272,0.20137,0.41251,0.5098,0.56471,0.33922
5.28,0.2131,0.41447,0.52549,0.55098,0.34902
5.288,0.22483,0.41544,0.51961,0.56471,0.33529
5.296,0.23754,0.41642,0.51569,0.55098,0.3451
5.304,0.25024,0.41642,0.5098,0.5549,0.3451
5.312,0.26295,0.41544,0.51569,0.56471,0.32941
5.32,0.27566,0.41447,0.50588,0.56078,0.33529
5.328,0.28935,0.41349,0.5098,0.5549,0.33529
5.336,0.30205,0.41153,0.50588,0.57059,0.3098
5.344,0.31574,0.41056,0.5,0.56471,0.32941
5.352,0.32942,0.41056,0.50588,0.55098,0.3549
5.36,0.34115,0.41153,0.53529,0.5549,0.34902
5.368,0.35386,0.41447,0.55098,0.55098,0.3549
5.376,0.36461,0.42033,0.56471,0.53922,0.34902
5.384,0.37634,0.42815,0.57059,0.52941,0.3549
5.392,0.38807,0.43891,0.53922,0.5549,0.31961
5.4,0.40078,0.45357,0.5,0.56471,0.3098
5.408,0.41349,0.47214,0.49412,0.57059,0.3098
5.416,0.42717,0.49169,0.47059,0.57059,0.3098
5.424,0.43988,0.51026,0.44902,0.5549,0.32941
5.432,0.45161,0.52884,0.4549,0.56471,0.31961
5.44,0.46432,0.54448,0.46078,0.57059,0.31961
5.448,0.47605,0.55816,0.47451,0.56078,0.32941
5.456,0.48974,0.56891,0.47451,0.58039,0.3
5.464,0.50244,0.57674,0.48039,0.57059,0.31373
5.472,0.51711,0.58358,0.47451,0.57451,0.31373
5.48,0.53275,0.58847,0.49412,0.57451,0.32353
5.488,0.54839,0.58944,0.58039,0.60588,0.25882
5.496,0.56403,0.59042,0.58431,0.47451,0.49412
5.504,0.57967,0.59042,0.15882,0.0039216,1.3569
5.512,0.59629,0.58944,-0.44314,-0.43333,1.5039
5.52,0.60997,0.58651,-0.50196,-0.14706,1.5039
5.528,0.62463,0.5826,0.11373,0.44902,0.68039
5.536,0.63734,0.57674,0.42941,0.61961,0.3
5.544,0.65005,0.56989,0.47451,0.57059,0.32941
5.552,0.66373,0.56012,0.4902,0.5549,0.33529
5.56,0.67742,0.54839,0.51961,0.56471,0.31373
5.568,0.69208,0.53666,0.51961,0.58431,0.28431
5.576,0.70772,0.52395,0.52941,0.58431,0.28431
5.584,0.72043,0.5132,0.51961,0.57059,0.3098
5.592,0.73412,0.50538,0.50588,0.56471,0.31961
5.6,0.74682,0.49853,0.48431,0.56471,0.31373
5.608,0.76051,0.49267,0.4902,0.56078,0.31961
5.616,0.77419,0.4868,0.49412,0.57059,0.32941
5.624,0.78788,0.48289,0.5,0.5549,0.33922
5.632,0.80254,0.48094,0.50588,0.5451,0.3549
5.64,0.81818,0.47996,0.49412,0.52941,0.37451
5.648,0.83382,0.47898,0.49412,0.51961,0.3902
5.656,0.84946,0.47801,0.4902,0.5098,0.40392
5.664,0.86608,0.4741,0.5,0.48431,0.4451
5.672,0.88172,0.47019,0.49412,0.46078,0.48039
5.68,0.89638,0.46628,0.48431,0.4451,0.5098
5.688,0.91105,0.46237,0.47451,0.42549,0.55098
5.696,0.92473,0.45748,0.46078,0.38431,0.60588
5.704,0.93744,0.45259,0.44902,0.3549,0.66078
5.712,0.9521,0.44868,0.44902,0.32941,0.7098
5.72,0.96676,0.44477,0.4451,0.3,0.7451
5.728,0.98143,0.44086,0.44902,0.28431,0.76667
5.736,0.99707,0.43597,0.44902,0.28431,0.77059
5.744,0.99804,0.43109,0.4549,0.2902,0.7549
5.752,1,0.42717,0.4451,0.3098,0.72549
5.76,1,0.42424,0.46078,0.34902,0.67059
5.768,1,0.42131,0.4902,0.39412,0.6
5.776,1,0.41838,0.52941,0.44902,0.51961
5.784,1,0.41642,0.5549,0.49412,0.43922
5.792,1,0.41447,0.58039,0.53529,0.38039
5.8,1,0.41349,0.6,0.56471,0.32941
5.808,1,0.41251,0.61569,0.58431,0.29412
5.816,1,0.41251,0.61569,0.59608,0.27451
5.824,1,0.41349,0.6098,0.60588,0.26471
5.832,1,0.41349,0.61569,0.6098,0.26471
5.84,1,0.41447,0.6,0.59608,0.26863
5.848,1,0.41642,0.58039,0.5902,0.28431
5.856,1,0.41838,0.57059,0.58039,0.30392
5.864,1,0.42033,0.57059,0.57451,0.31373
5.872,1,0.42229,0.57451,0.57059,0.31961
5.88,1,0.42229,0.58431,0.56078,0.32941
5.888,1,0.42326,0.58431,0.5549,0.3451
5.896,1,0.42326,0.5902,0.55098,0.33922
5.904,1,0.42326,0.57451,0.5451,0.36471
5.912,1,0.42326,0.58431,0.53922,0.37451
5.92,1,0.42424,0.57451,0.53529,0.37451
5.928,1,0.42326,0.58039,0.53529,0.38039
5.936,1,0.42229,0.57059,0.5451,0.36471
5.944,1,0.42033,0.56471,0.5451,0.37059
5.952,1,0.4174,0.5549,0.55098,0.3451
5.96,1,0.41544,0.5549,0.55098,0.33922
5.968,1,0.41251,0.5451,0.5549,0.33529
5.976,1,0.40958,0.53922,0.56078,0.33529
5.984,1,0.4086,0.53922,0.5549,0.33922
5.992,1,0.40958,0.5549,0.53529,0.37059
6,1,0.41056,0.57059,0.52941,0.38039
6.008,1,0.41349,0.5902,0.53529,0.38039
6.016,1,0.41935,0.5902,0.52941,0.37059
6.024,1,0.42717,0.57059,0.52549,0.38039
6.032,1,0.43695,0.55098,0.5451,0.33922
6.04,1,0.45064,0.51961,0.5549,0.32353
6.048,1,0.46725,0.5,0.5549,0.33529
6.056,1,0.48583,0.48039,0.56078,0.33922
6.064,1,0.50342,0.47059,0.5451,0.3549
6.072,1,0.52004,0.46471,0.5451,0.35882
6.08,0.98338,0.53372,0.48039,0.5451,0.34902
6.088,0.96676,0.5435,0.4902,0.56078,0.33529
6.096,0.94624,0.55327,0.5,0.56471,0.32941
6.104,0.92669,0.56207,0.4902,0.56471,0.32941
6.112,0.9042,0.56989,0.48431,0.56078,0.33922
6.12,0.88172,0.57576,0.51961,0.5549,0.3549
6.128,0.85826,0.57967,0.61569,0.5902,0.26863
6.136,0.8348,0.5826,0.48431,0.4098,0.59608
6.144,0.81036,0.58162,-0.031373,-0.076471,1.5039
6.152,0.7869,0.58065,-0.50196,-0.40196,1.5039
6.16,0.76442,0.57771,-0.46863,-0.011765,1.5039
6.168,0.74194,0.57087,0.11373,0.47059,0.60588
6.176,0.72239,0.56207,0.36471,0.53529,0.4098
6.184,0.70186,0.5523,0.43529,0.51961,0.39412
6.192,0.68133,0.54252,0.47059,0.52549,0.37451
6.2,0.66178,0.53079,0.5,0.53922,0.34902
6.208,0.64223,0.51906,0.51961,0.53922,0.34902
6.216,0.62268,0.50831,0.51961,0.5451,0.3451
6.224,0.60508,0.49756,0.51961,0.52941,0.35882
6.232,0.58749,0.48974,0.50588,0.53529,0.3549
6.24,0.57283,0.48289,0.50588,0.52941,0.36471
6.248,0.55718,0.47703,0.5,0.51961,0.3902
6.256,0.5435,0.47214,0.5098,0.51961,0.38039
6.264,0.52981,0.46921,0.51961,0.51961,0.38431
6.272,0.51711,0.46725,0.50588,0.50588,0.40392
6.28,0.50342,0.46628,0.5,0.5,0.4098
6.288,0.49267,0.46628,0.5,0.4902,0.40392
6.296,0.48192,0.46432,0.5,0.47451,0.46078
6.304,0.47312,0.46237,0.49412,0.4549,0.48431
6.312,0.46432,0.45846,0.5,0.4451,0.5
6.32,0.4565,0.45455,0.5,0.42549,0.52941
6.328,0.44966,0.44966,0.5,0.4,0.57059
6.336,0.44282,0.44477,0.4902,0.37451,0.6098
6.344,0.43695,0.43988,0.48431,0.32941,0.68039
6.352,0.43206,0.435,0.48431,0.3098,0.71569
6.36,0.42717,0.43109,0.4902,0.28431,0.75098
6.368,0.42326,0.42717,0.48431,0.27451,0.76667
6.376,0.41935,0.42522,0.5,0.26471,0.77647
6.384,0.41642,0.42326,0.49412,0.27451,0.76667
6.392,0.41349,0.42229,0.5,0.2902,0.73529
6.4,0.41056,0.42033,0.49412,0.32941,0.6902
6.408,0.4086,0.4174,0.5,0.36471,0.62941
6.416,0.40762,0.41544,0.48431,0.40392,0.57059
6.424,0.40567,0.41447,0.4902,0.4451,0.5098
6.432,0.40567,0.41447,0.49412,0.48039,0.46471
6.44,0.40469,0.41447,0.5,0.50588,0.41961
6.448,0.40469,0.41447,0.5,0.51961,0.3902
6.456,0.40567,0.41447,0.50588,0.53922,0.35882
6.464,0.40567,0.41544,0.5098,0.5451,0.3549
6.472,0.40665,0.41642,0.5098,0.55098,0.34902
6.48,0.40665,0.41838,0.51961,0.5549,0.33922
6.488,0.40665,0.41935,0.51569,0.55098,0.3451
6.496,0.40665,0.42033,0.51961,0.5451,0.3549
6.504,0.40665,0.42131,0.5098,0.5451,0.36471
6.512,0.40567,0.42326,0.51569,0.5451,0.35882
6.52,0.40469,0.42326,0.5098,0.5451,0.35882
6.528,0.40274,0.42424,0.5098,0.53529,0.37451
6.536,0.40078,0.42424,0.5098,0.52941,0.38039
6.544,0.39785,0.42424,0.51961,0.52941,0.3902
6.552,0.39492,0.42424,0.5098,0.51961,0.40392
6.56,0.39101,0.42424,0.5098,0.51961,0.4098
6.568,0.38807,0.42326,0.5098,0.51961,0.4
6.576,0.38221,0.42229,0.51961,0.51961,0.39412
6.584,0.37732,0.42033,0.51569,0.52941,0.38431
6.592,0.3695,0.41935,0.51961,0.53529,0.38039
6.6,0.36266,0.4174,0.51961,0.53922,0.37059
6.608,0.35386,0.41544,0.51961,0.53922,0.36471
6.616,0.34604,0.41544,0.51961,0.53529,0.37451
6.624,0.33627,0.4174,0.53529,0.52941,0.3902
6.632,0.32747,0.42229,0.5549,0.51569,0.40392
6.64,0.31965,0.43109,0.57059,0.51569,0.41569
6.648,0.31085,0.44477,0.5902,0.5098,0.40392
6.656,0.30303,0.46334,0.5902,0.51961,0.4
6.664,0.29619,0.48485,0.56078,0.52549,0.38039
6.672,0.28935,0.50733,0.53922,0.53922,0.3549
6.68,0.28348,0.52688,0.50588,0.5451,0.3549
6.688,0.27761,0.54448,0.48431,0.5451,0.34902
6.696,0.27273,0.55914,0.47059,0.5451,0.37451
6.704,0.26882,0.56989,0.46078,0.53529,0.38431
6.712,0.26588,0.58162,0.47451,0.53922,0.37059
6.72,0.26295,0.5914,0.48431,0.5549,0.34902
6.728,0.261,0.59922,0.49412,0.56078,0.33922
6.736,0.26002,0.60508,0.48431,0.56078,0.3549
6.744,0.25904,0.60802,0.4902,0.56078,0.34902
6.752,0.25904,0.60997,0.48039,0.5451,0.35882
6.76,0.25904,0.61095,0.58431,0.5902,0.27843
6.768,0.25806,0.61193,0.61961,0.59608,0.26471
6.776,0.25806,0.60997,0.3451,0.2451,0.92157
6.784,0.25806,0.60802,-0.36667,-0.29804,1.5039
6.792,0.25806,0.60606,-0.50196,-0.38824,1.5039
6.8,0.25709,0.60215,-0.21176,0.26471,1.0412
6.808,0.25611,0.59726,0.26863,0.52549,0.47059
6.816,0.25513,0.59042,0.41569,0.53529,0.41569
6.824,0.25415,0.58065,0.48431,0.53922,0.38039
6.832,0.25024,0.56891,0.5098,0.53922,0.37451
6.84,0.24731,0.55718,0.53529,0.5451,0.34902
6.848,0.2434,0.54448,0.5451,0.5549,0.33529
6.856,0.23949,0.53079,0.55098,0.56471,0.31961
6.864,0.2346,0.51906,0.53922,0.5451,0.34902
6.872,0.23069,0.50929,0.52941,0.5451,0.3549
6.88,0.22581,0.50147,0.5451,0.53922,0.3451
6.888,0.22092,0.49462,0.53529,0.52549,0.38039
6.896,0.21505,0.48876,0.5451,0.52549,0.38431
6.904,0.21017,0.48485,0.5451,0.51961,0.3902
6.912,0.20235,0.48094,0.53922,0.50588,0.40392
6.92,0.1955,0.47801,0.52941,0.5,0.41569
6.928,0.18866,0.47507,0.53529,0.5,0.42549
6.936,0.18182,0.47214,0.52549,0.48431,0.43922
6.944,0.17498,0.46921,0.52941,0.47451,0.46471
6.952,0.16716,0.46725,0.51961,0.44902,0.49412
6.96,0.16129,0.46334,0.51569,0.41961,0.53922
6.968,0.1564,0.46041,0.51569,0.39412,0.58039
6.976,0.15152,0.45748,0.51961,0.37059,0.62549
6.984,0.14761,0.45455,0.51961,0.32941,0.67647
6.992,0.1437,0.45259,0.52549,0.3098,0.70588
7,0.14076,0.44966,0.51961,0.28431,0.74118
7.008,0.13783,0.44673,0.52941,0.27843,0.7549
7.016,0.1349,0.44184,0.53529,0.28431,0.75098
7.024,0.13392,0.43695,0.53922,0.2902,0.73529
7.032,0.13196,0.43304,0.52549,0.3098,0.70588
7.04,0.13099,0.42815,0.51961,0.33922,0.66078
7.048,0.13099,0.42424,0.51569,0.37451,0.60588
7.056,0.13099,0.42033,0.5098,0.4098,0.55098
7.064,0.13196,0.41642,0.5098,0.4451,0.50588
7.072,0.13294,0.41349,0.5098,0.47059,0.46078
7.08,0.13392,0.41153,0.51569,0.49412,0.42941
7.088,0.1349,0.40958,0.5098,0.50588,0.4098
7.096,0.13587,0.4086,0.51569,0.5098,0.40392
7.104,0.13587,0.40762,0.5098,0.5098,0.40392
7.112,0.13685,0.40762,0.51961,0.51961,0.4
7.12,0.13685,0.40567,0.51961,0.51961,0.40392
7.128,0.13685,0.40469,0.52941,0.5,0.42549
7.136,0.13685,0.40469,0.52941,0.5,0.42941
7.144,0.13685,0.40371,0.52941,0.5,0.43529
7.152,0.13587,0.40469,0.52941,0.49412,0.4451
7.16,0.1349,0.40567,0.52549,0.48431,0.44902
7.168,0.13294,0.40762,0.52549,0.4902,0.44902
7.176,0.13099,0.4086,0.53922,0.5,0.4451
7.184,0.12805,0.40762,0.53529,0.49412,0.4451
7.192,0.1261,0.40762,0.5451,0.4902,0.44902
7.2,0.12414,0.40567,0.5451,0.49412,0.44902
7.208,0.12121,0.40371,0.5549,0.5,0.43922
7.216,0.1173,0.40274,0.56078,0.5,0.43529
7.224,0.11339,0.40078,0.56078,0.5,0.43529
7.232,0.10753,0.40078,0.5549,0.5,0.42549
7.24,0.10264,0.3998,0.55098,0.5098,0.41961
7.248,0.095797,0.3998,0.5549,0.5098,0.41961
7.256,0.089932,0.40078,0.55098,0.51569,0.41569
7.264,0.082111,0.40371,0.57059,0.5,0.42941
7.272,0.075269,0.4086,0.5902,0.49412,0.43922
7.28,0.069404,0.41642,0.60588,0.5,0.43529
7.288,0.063539,0.4262,0.60588,0.5,0.42941
7.296,0.059629,0.44086,0.58431,0.5,0.41961
7.304,0.055718,0.45943,0.56078,0.51569,0.3902
7.312,0.051808,0.47996,0.52549,0.51961,0.38039
7.32,0.048876,0.50049,0.5,0.52549,0.38039
7.328,0.045943,0.52004,0.47451,0.51961,0.39412
7.336,0.043011,0.53861,0.47451,0.51569,0.40392
7.344,0.041056,0.55425,0.47451,0.52549,0.3902
7.352,0.039101,0.56598,0.47451,0.52941,0.38431
7.36,0.038123,0.5738,0.49412,0.53922,0.38039
7.368,0.037146,0.58065,0.49412,0.55098,0.35882
7.376,0.036168,0.58358,0.5,0.53922,0.36471
7.384,0.036168,0.58456,0.4902,0.5451,0.35882
7.392,0.036168,0.58553,0.52941,0.53922,0.37451
7.4,0.036168,0.58553,0.61961,0.57059,0.29412
7.408,0.037146,0.58456,0.5098,0.37451,0.65098
7.416,0.038123,0.58358,-0.011765,-0.11176,1.5039
7.424,0.040078,0.58162,-0.50196,-0.40784,1.5039
7.432,0.042033,0.57869,-0.36275,0.017647,1.5039
7.44,0.044966,0.5738,0.21961,0.5,0.55098
7.448,0.047898,0.56891,0.41961,0.56471,0.35882
7.456,0.051808,0.56012,0.4451,0.53922,0.38039
7.464,0.055718,0.55034,0.47451,0.53529,0.3549
7.472,0.060606,0.53666,0.49412,0.5451,0.33922
7.48,0.065494,0.52297,0.51569,0.55098,0.32941
7.488,0.071359,0.51026,0.51961,0.53529,0.33922
7.496,0.077224,0.49756,0.50588,0.53922,0.33922
7.504,0.083089,0.4868,0.5,0.53922,0.33529
7.512,0.089932,0.47801,0.50588,0.5451,0.33922
7.52,0.096774,0.47116,0.5,0.5451,0.3451
7.528,0.10264,0.46628,0.49412,0.52941,0.35882
7.536,0.11144,0.46334,0.4902,0.52549,0.35882
7.544,0.12023,0.46041,0.5,0.51961,0.37451
7.552,0.13001,0.4565,0.4902,0.52549,0.38039
7.56,0.14076,0.45357,0.48431,0.51569,0.3902
7.568,0.15249,0.44966,0.47451,0.5,0.4098
7.576,0.1652,0.4477,0.47451,0.48039,0.42941
7.584,0.17889,0.44575,0.48039,0.48431,0.4549
7.592,0.19257,0.44184,0.47451,0.4451,0.49412
7.6,0.20528,0.43793,0.47059,0.41961,0.53922
7.608,0.21896,0.43402,0.46471,0.3902,0.58431
7.616,0.23069,0.43109,0.4549,0.3549,0.63529
7.624,0.2434,0.42717,0.44902,0.32941,0.68039
7.632,0.25806,0.42424,0.4549,0.3098,0.70588
7.64,0.27175,0.42229,0.44902,0.30392,0.72157
7.648,0.28641,0.41935,0.44902,0.2902,0.73137
7.656,0.30205,0.41544,0.4549,0.30392,0.72157
7.664,0.31574,0.41251,0.44902,0.31373,0.68627
7.672,0.32942,0.41056,0.44902,0.34902,0.64118
7.68,0.34311,0.4086,0.46078,0.3902,0.58431
7.688,0.35582,0.40665,0.4549,0.43922,0.50588
7.696,0.37048,0.40469,0.47451,0.47451,0.4549
7.704,0.38514,0.40176,0.47451,0.50588,0.40392
7.712,0.40078,0.3998,0.4902,0.53922,0.35882
7.72,0.41642,0.39687,0.49412,0.55098,0.33529
7.728,0.43304,0.39394,0.50588,0.56471,0.3098
7.736,0.44868,0.39198,0.50588,0.5902,0.2902
7.744,0.46628,0.39003,0.5098,0.58039,0.29412
7.752,0.48289,0.39003,0.5,0.57451,0.2902
7.76,0.49756,0.38905,0.5,0.5902,0.28431
7.768,0.5132,0.39101,0.4902,0.57059,0.3098
7.776,0.52688,0.39296,0.4902,0.58039,0.30392
7.784,0.54154,0.39394,0.4902,0.5902,0.3
7.792,0.55425,0.39296,0.5,0.56471,0.31961
7.8,0.56794,0.39296,0.4902,0.55098,0.33922
7.808,0.58065,0.39198,0.5,0.5549,0.33529
7.816,0.59335,0.39003,0.49412,0.56078,0.33922
7.824,0.60411,0.38905,0.4902,0.5451,0.3549
7.832,0.61486,0.38807,0.48431,0.55098,0.3451
7.84,0.62463,0.3871,0.48039,0.5451,0.3549
7.848,0.63343,0.38612,0.4902,0.5451,0.34902
7.856,0.64223,0.38514,0.48431,0.56471,0.33922
7.864,0.65103,0.38319,0.48039,0.56078,0.33529
7.872,0.65885,0.38123,0.47451,0.56078,0.33922
7.88,0.66764,0.37928,0.48431,0.56471,0.32941
7.888,0.67644,0.3783,0.48039,0.5549,0.33529
7.896,0.68524,0.37732,0.51961,0.5549,0.33529
7.904,0.69404,0.3783,0.53922,0.56078,0.34902
7.912,0.70381,0.38123,0.56078,0.53922,0.35882
7.92,0.71359,0.38807,0.57059,0.5451,0.3549
7.928,0.72239,0.39785,0.5549,0.5451,0.3451
7.936,0.73216,0.41251,0.51569,0.56078,0.31373
7.944,0.74194,0.43011,0.4902,0.57059,0.3098
7.952,0.75269,0.45064,0.47451,0.57059,0.31373
7.96,0.76442,0.47116,0.46471,0.57451,0.31961
7.968,0.77713,0.49071,0.4549,0.57059,0.33529
7.976,0.78983,0.50733,0.46471,0.56471,0.32353
7.984,0.80254,0.52004,0.47451,0.56471,0.32941
7.992,0.81525,0.53372,0.4902,0.58039,0.3098
8,0.82796,0.54643,0.49412,0.58039,0.3098
8.008,0.84066,0.55718,0.48039,0.57059,0.32941
8.016,0.85435,0.565,0.48039,0.58039,0.31373
8.024,0.86804,0.56989,0.52941,0.57451,0.31961
8.032,0.8827,0.57185,0.5902,0.5902,0.27451
8.04,0.89736,0.57185,0.46078,0.33529,0.75098
8.048,0.913,0.56989,-0.072549,-0.22745,1.5039
8.056,0.92864,0.56794,-0.50196,-0.42353,1.5039
8.064,0.94526,0.565,-0.23725,0.084314,1.4078
8.072,0.9609,0.56109,0.28431,0.5451,0.47451
8.08,0.97556,0.55621,0.46078,0.60588,0.31961
8.088,0.98925,0.55034,0.44902,0.56078,0.3451
8.096,0.99511,0.5435,0.47451,0.56471,0.33529
8.104,1,0.5347,0.49412,0.5549,0.33922
8.112,1,0.52395,0.51569,0.57059,0.31373
8.12,1,0.51222,0.53529,0.57451,0.3098
8.128,1,0.49951,0.5451,0.57059,0.31373
8.136,1,0.48876,0.53529,0.57059,0.31961
8.144,1,0.47898,0.53529,0.57059,0.31373
8.152,1,0.47116,0.53529,0.57451,0.32353
8.16,1,0.4653,0.5451,0.57059,0.32353
8.168,1,0.46041,0.53922,0.57451,0.32941
8.176,1,0.45846,0.52941,0.57059,0.33529
8.184,1,0.45748,0.52549,0.56078,0.3451
8.192,1,0.4565,0.52941,0.5451,0.35882
8.2,1,0.4565,0.53922,0.53529,0.38039
8.208,1,0.4565,0.5549,0.5098,0.41569
8.216,1,0.4565,0.56078,0.4902,0.4549
8.224,1,0.45455,0.5451,0.4549,0.5
8.232,1,0.45259,0.51961,0.42549,0.5549
8.24,1,0.44966,0.5098,0.38431,0.61961
8.248,1,0.44673,0.49412,0.3451,0.6902
8.256,1,0.44184,0.48039,0.3098,0.75098
8.264,1,0.43695,0.47059,0.27843,0.7902
8.272,1,0.43206,0.46471,0.26471,0.81176
8.28,1,0.42717,0.47059,0.2549,0.82157
8.288,1,0.42326,0.47451,0.26471,0.80588
8.296,1,0.41935,0.48039,0.2902,0.76667
8.304,1,0.41544,0.49412,0.32353,0.7098
8.312,1,0.41153,0.5098,0.37451,0.62941
8.32,1,0.4086,0.51961,0.42549,0.5451
8.328,1,0.40762,0.52941,0.46471,0.47451
8.336,1,0.40665,0.52941,0.5,0.41961
8.344,1,0.40665,0.53922,0.52549,0.38431
8.352,1,0.40762,0.5451,0.5549,0.33922
8.36,1,0.40762,0.56078,0.57059,0.3
8.368,1,0.40762,0.57059,0.5902,0.27451
8.376,1,0.4086,0.56471,0.5902,0.28431
8.384,1,0.40762,0.5549,0.58431,0.2902
8.392,1,0.40762,0.5549,0.58039,0.29412
8.4,1,0.40665,0.5451,0.58039,0.3
8.408,1,0.40567,0.53922,0.57059,0.3098
8.416,1,0.40567,0.52941,0.56471,0.32353
8.424,1,0.40469,0.52941,0.5549,0.33922
8.432,1,0.40469,0.51961,0.55098,0.33529
8.44,1,0.40567,0.52549,0.5451,0.3549
8.448,1,0.40567,0.51961,0.53922,0.37059
8.456,1,0.40371,0.52549,0.52941,0.37451
8.464,1,0.40176,0.51569,0.53529,0.37059
8.472,1,0.3998,0.50588,0.52941,0.38039
8.48,1,0.39785,0.50588,0.53922,0.38039
8.488,1,0.39589,0.5,0.53529,0.37451
8.496,0.97458,0.39394,0.50588,0.53922,0.37059
8.504,0.94819,0.39101,0.5,0.5451,0.34902
8.512,0.91496,0.39003,0.50588,0.53529,0.37059
8.52,0.88172,0.38905,0.49412,0.53922,0.35882
8.528,0.84751,0.38905,0.5,0.52941,0.38039
8.536,0.81232,0.39003,0.51569,0.52549,0.38431
8.544,0.7781,0.39198,0.53922,0.51961,0.39412
8.552,0.74389,0.39589,0.5549,0.51569,0.40392
8.56,0.71359,0.40274,0.56471,0.51961,0.38431
8.568,0.68328,0.41251,0.53529,0.51961,0.38039
8.576,0.65689,0.42326,0.51961,0.53922,0.34902
8.584,0.6305,0.43597,0.4902,0.5451,0.3451
8.592,0.60704,0.45259,0.47451,0.5451,0.33922
8.6,0.58358,0.47116,0.4451,0.55098,0.36471
8.608,0.56207,0.48876,0.43922,0.52941,0.38039
8.616,0.54057,0.50733,0.4451,0.53922,0.35882
8.624,0.52297,0.52493,0.4549,0.5451,0.35882
8.632,0.50538,0.53959,0.47059,0.56078,0.33922
8.64,0.48974,0.55132,0.47451,0.5549,0.3451
8.648,0.47507,0.56012,0.47451,0.55098,0.3549
8.656,0.46334,0.565,0.47059,0.5549,0.3549
8.664,0.45064,0.56598,0.5,0.5451,0.33922
8.672,0.44086,0.56598,0.6,0.58431,0.27451
8.68,0.43109,0.56403,0.4902,0.41569,0.58431
8.688,0.42326,0.56012,-0.0019608,-0.047059,1.4686
8.696,0.41544,0.55523,-0.50196,-0.41765,1.5039
8.704,0.4086,0.55034,-0.50196,-0.066667,1.5039
8.712,0.40176,0.5435,0.052941,0.43922,0.67647
8.72,0.39589,0.5347,0.33922,0.52941,0.42941
8.728,0.39003,0.52395,0.41961,0.51569,0.41569
8.736,0.38416,0.51222,0.46078,0.52549,0.38431
8.744,0.37928,0.50147,0.49412,0.53529,0.35882
8.752,0.37341,0.49267,0.51961,0.55098,0.32941
8.76,0.36755,0.48583,0.51961,0.5451,0.33922
8.768,0.36168,0.47996,0.5,0.52941,0.35882
8.776,0.35582,0.47507,0.5,0.52941,0.37059
8.784,0.34995,0.47214,0.5,0.52549,0.36471
8.792,0.34506,0.47019,0.5,0.51961,0.38431
8.8,0.34018,0.47019,0.50588,0.51569,0.38039
8.808,0.33529,0.46921,0.51569,0.5098,0.3902
8.816,0.3304,0.46725,0.5098,0.5,0.40392
8.824,0.32551,0.4653,0.5,0.4902,0.41569
8.832,0.3216,0.46237,0.49412,0.48431,0.42549
8.84,0.31672,0.45943,0.49412,0.47059,0.46078
8.848,0.31281,0.45552,0.4902,0.46471,0.47059
8.856,0.30987,0.45161,0.49412,0.44902,0.49412
8.864,0.30792,0.44868,0.4902,0.42941,0.51569
8.872,0.30596,0.44575,0.49412,0.40392,0.56471
8.88,0.30499,0.44282,0.49412,0.37451,0.6098
8.888,0.30401,0.44086,0.5,0.33922,0.67059
8.896,0.30401,0.43891,0.5,0.30392,0.71569
8.904,0.30401,0.43695,0.5,0.28431,0.74118
8.912,0.30499,0.43402,0.5098,0.27451,0.76078
8.92,0.30596,0.43206,0.50588,0.26471,0.78039
8.928,0.30792,0.42913,0.51569,0.27451,0.78627
8.936,0.30987,0.42717,0.51961,0.28431,0.74118
8.944,0.31281,0.42424,0.51961,0.31373,0.69608
8.952,0.31476,0.42229,0.51961,0.3549,0.63529
8.96,0.31867,0.42131,0.51569,0.39412,0.57451
8.968,0.3216,0.41935,0.5,0.42941,0.51961
8.976,0.32551,0.41838,0.5098,0.46471,0.46471
8.984,0.32942,0.4174,0.50588,0.49412,0.42549
8.992,0.33431,0.41544,0.51569,0.5098,0.4
9,0.3392,0.41349,0.50588,0.52549,0.38039
9.008,0.34409,0.41153,0.51569,0.53529,0.37451
9.016,0.348,0.41056,0.51569,0.53922,0.35882
9.024,0.35288,0.41056,0.51961,0.5451,0.3549
9.032,0.35777,0.41056,0.51961,0.5451,0.3549
9.04,0.3607,0.41153,0.52941,0.5451,0.35882
9.048,0.36461,0.41153,0.52549,0.52941,0.37451
9.056,0.36755,0.41153,0.53529,0.53529,0.37059
9.064,0.3695,0.41056,0.51961,0.52941,0.37451
9.072,0.37048,0.41056,0.51961,0.53529,0.37059
9.08,0.37146,0.41056,0.51961,0.51961,0.3902
9.088,0.37048,0.41251,0.51961,0.51961,0.39412
9.096,0.37048,0.41447,0.51569,0.51961,0.3902
9.104,0.36852,0.41642,0.51569,0.51569,0.40392
9.112,0.36657,0.41838,0.51961,0.51961,0.4098
9.12,0.36461,0.41838,0.51569,0.51961,0.4
9.128,0.36168,0.41838,0.51961,0.51569,0.40392
9.136,0.35582,0.41838,0.51961,0.51569,0.40392
9.144,0.35093,0.41838,0.52549,0.52549,0.3902
9.152,0.34311,0.41935,0.51961,0.52549,0.38431
9.16,0.33529,0.41935,0.52941,0.53529,0.36471
9.168,0.32649,0.42033,0.53529,0.51961,0.39412
9.176,0.31769,0.42229,0.5549,0.5098,0.4098
9.184,0.30792,0.4262,0.57451,0.5,0.42549
9.192,0.29912,0.43597,0.5902,0.5,0.42549
9.2,0.28935,0.45064,0.59608,0.5,0.41569
9.208,0.28055,0.46921,0.56078,0.5,0.41569
9.216,0.27273,0.48876,0.53922,0.52549,0.37059
9.224,0.26393,0.51026,0.51961,0.51961,0.38431
9.232,0.25611,0.53177,0.49412,0.51961,0.38039
9.24,0.24829,0.5523,0.48039,0.51961,0.4
9.248,0.24047,0.56891,0.47451,0.51961,0.3902
9.256,0.23363,0.5826,0.48431,0.51961,0.38039
9.264,0.22776,0.59238,0.5,0.53922,0.35882
9.272,0.2219,0.59824,0.50588,0.55098,0.3451
9.28,0.21799,0.60215,0.5,0.53922,0.37059
9.288,0.21408,0.60411,0.5,0.53529,0.36471
9.296,0.20919,0.60508,0.5,0.52941,0.38431
9.304,0.2043,0.60606,0.5902,0.56471,0.30392
9.312,0.19941,0.60606,0.63529,0.57059,0.2902
9.32,0.1955,0.60606,0.38431,0.2451,0.89608
9.328,0.18964,0.60411,-0.30784,-0.30196,1.5039
9.336,0.18475,0.6002,-0.50196,-0.40784,1.5039
9.344,0.17986,0.59629,-0.21176,0.22353,1.0922
9.352,0.17498,0.59042,0.27451,0.50588,0.4902
9.36,0.17009,0.58358,0.42941,0.51961,0.42549
9.368,0.1652,0.57478,0.48039,0.50588,0.40392
9.376,0.16129,0.56696,0.51961,0.51569,0.38039
9.384,0.1564,0.55816,0.53529,0.51961,0.37451
9.392,0.15054,0.54741,0.5451,0.53529,0.3549
9.4,0.14565,0.53666,0.52941,0.52549,0.37059
9.408,0.13881,0.52688,0.51961,0.5098,0.4
9.416,0.13294,0.51808,0.5098,0.5,0.41569
9.424,0.12708,0.51026,0.5098,0.4902,0.42549
9.432,0.12121,0.50342,0.5,0.47059,0.46078
9.44,0.11535,0.49756,0.51961,0.47059,0.47059
9.448,0.10948,0.49462,0.52941,0.47451,0.47059
9.456,0.10362,0.49169,0.53922,0.46078,0.48431
9.464,0.097752,0.48778,0.5451,0.44902,0.5
9.472,0.091887,0.48485,0.53922,0.4451,0.51569
9.48,0.086022,0.48192,0.56078,0.42549,0.53529
9.488,0.080156,0.47801,0.56471,0.41569,0.5549
9.496,0.074291,0.4741,0.56471,0.4,0.58039
9.504,0.069404,0.47019,0.56078,0.38039,0.61569
9.512,0.064516,0.46628,0.57059,0.3549,0.6549
9.52,0.061584,0.46334,0.57059,0.32941,0.6902
9.528,0.057674,0.45943,0.57059,0.3,0.7451
9.536,0.054741,0.45552,0.57059,0.27843,0.78039
9.544,0.052786,0.45161,0.57451,0.25882,0.8
9.552,0.051808,0.4477,0.57451,0.24902,0.81569
9.56,0.049853,0.44379,0.58039,0.2451,0.82549
9.568,0.049853,0.43988,0.57059,0.26471,0.79608
9.576,0.049853,0.43695,0.57059,0.2902,0.75098
9.584,0.050831,0.43304,0.56078,0.32941,0.69608
9.592,0.050831,0.42913,0.5549,0.35882,0.6451
9.6,0.051808,0.42522,0.5451,0.4098,0.57451
9.608,0.053763,0.42229,0.5451,0.4549,0.5098
9.616,0.053763,0.42033,0.5451,0.48431,0.46078
9.624,0.054741,0.41935,0.5451,0.5,0.41961
9.632,0.054741,0.4174,0.55098,0.52549,0.3902
9.64,0.054741,0.41642,0.56078,0.53922,0.37059
9.648,0.053763,0.41544,0.55098,0.5451,0.36471
9.656,0.052786,0.41544,0.5549,0.5451,0.3549
9.664,0.050831,0.41544,0.56078,0.5451,0.3549
9.672,0.049853,0.41544,0.5451,0.55098,0.35882
9.68,0.047898,0.4174,0.5549,0.55098,0.3549
9.688,0.045943,0.41838,0.5451,0.53922,0.37059
9.696,0.043011,0.41838,0.5451,0.53529,0.38039
9.704,0.040078,0.41838,0.5451,0.53922,0.37451
9.712,0.036168,0.4174,0.53529,0.52549,0.38039
9.72,0.032258,0.4174,0.53529,0.52941,0.38431
9.728,0.028348,0.4174,0.53529,0.52549,0.38431
9.736,0.02346,0.41838,0.52941,0.52941,0.38431
9.744,0.020528,0.41838,0.53529,0.52549,0.3902
9.752,0.016618,0.4174,0.51961,0.53922,0.37451
9.76,0.014663,0.41642,0.52549,0.53922,0.37059
9.768,0.012708,0.41447,0.51569,0.5451,0.36471
9.776,0.01173,0.41349,0.51961,0.53922,0.3549
9.784,0.010753,0.41251,0.51569,0.55098,0.33922
9.792,0.0097752,0.41153,0.51961,0.5549,0.34902
9.8,0.0097752,0.41251,0.51961,0.53529,0.35882
9.808,0.012708,0.41447,0.5451,0.52549,0.37451
9.816,0.01564,0.4174,0.56471,0.52549,0.37059
9.824,0.020528,0.42229,0.58039,0.52941,0.35882
9.832,0.025415,0.43109,0.57059,0.51961,0.37059
9.84,0.032258,0.44379,0.5451,0.53529,0.3451
9.848,0.039101,0.46041,0.50588,0.5451,0.31961
9.856,0.047898,0.47801,0.4902,0.5549,0.31373
9.864,0.055718,0.49658,0.47451,0.55098,0.31961
9.872,0.068426,0.51124,0.47451,0.56078,0.3451
9.88,0.080156,0.52493,0.46471,0.5451,0.33922
9.888,0.094819,0.53763,0.47451,0.5549,0.33529
9.896,0.11046,0.55034,0.47451,0.56471,0.31961
9.904,0.12512,0.56012,0.48039,0.57451,0.3098
9.912,0.14076,0.56696,0.47451,0.56471,0.31961
9.92,0.1564,0.57185,0.47059,0.57059,0.3098
9.928,0.17204,0.57576,0.47451,0.57451,0.3098
9.936,0.19062,0.57771,0.5451,0.59608,0.2549
9.944,0.21017,0.57869,0.5902,0.6,0.24902
9.952,0.23167,0.57869,0.3549,0.23333,0.91569
9.96,0.25318,0.57869,-0.25686,-0.31176,1.5039
9.968,0.27566,0.57674,-0.50196,-0.41765,1.5039
9.976,0.29912,0.5738,-0.12157,0.26471,1.051
9.984,0.3216,0.56989,0.33529,0.58039,0.36471
9.992,0.34409,0.56403,0.43922,0.6,0.30392
10,0.36364,0.55718,0.44902,0.57059,0.32941
10.008,0.38416,0.54839,0.4902,0.57451,0.30392
10.016,0.40176,0.53763,0.5,0.57059,0.3
10.024,0.41935,0.5259,0.51961,0.57451,0.28431
10.032,0.43597,0.51417,0.51569,0.58039,0.2902
10.04,0.45259,0.50342,0.5098,0.56078,0.3098
10.048,0.46921,0.49462,0.4902,0.57059,0.31373
10.056,0.48485,0.48778,0.48039,0.5549,0.32353
10.064,0.49756,0.48289,0.47451,0.5451,0.33529
10.072,0.51124,0.47996,0.47451,0.5549,0.33529
10.08,0.52297,0.47703,0.48039,0.5451,0.3451
10.088,0.5347,0.47507,0.47451,0.53529,0.36471
10.096,0.54545,0.47312,0.47059,0.52549,0.37451
10.104,0.55718,0.47116,0.47451,0.51569,0.3902
10.112,0.56794,0.46725,0.47451,0.48431,0.42549
10.12,0.57967,0.46334,0.48039,0.4902,0.4451
10.128,0.5914,0.45846,0.47451,0.46078,0.48039
10.136,0.60313,0.45357,0.47059,0.43529,0.52549
10.144,0.61584,0.44868,0.47451,0.4098,0.5549
10.152,0.62854,0.44379,0.44902,0.37451,0.61961
10.16,0.6393,0.43891,0.4451,0.33922,0.67059
10.168,0.65005,0.43402,0.42549,0.30392,0.72549
10.176,0.6608,0.43011,0.42941,0.2902,0.7451
10.184,0.67155,0.4262,0.42941,0.3,0.74118
10.192,0.68426,0.42229,0.43529,0.28431,0.7549
10.2,0.69697,0.41935,0.4451,0.30392,0.72549
10.208,0.71065,0.4174,0.44902,0.32941,0.6902
10.216,0.72532,0.41544,0.46078,0.36471,0.62549
10.224,0.73803,0.41349,0.47451,0.4098,0.56471
10.232,0.75171,0.41153,0.48039,0.46471,0.48431
10.24,0.76442,0.4086,0.5,0.5,0.42941
10.248,0.77713,0.40665,0.51569,0.5451,0.36471
10.256,0.79277,0.40371,0.52549,0.5549,0.32941
10.264,0.80841,0.40176,0.52941,0.57451,0.30392
10.272,0.826,0.3998,0.53922,0.5902,0.2902
10.28,0.8436,0.39883,0.5451,0.5902,0.28431
10.288,0.86217,0.39883,0.5451,0.59608,0.27843
10.296,0.88074,0.3998,0.53922,0.6,0.27451
10.304,0.89932,0.40176,0.52941,0.59608,0.27843
10.312,0.91887,0.40371,0.5451,0.6,0.27451
10.32,0.93548,0.40469,0.5451,0.5902,0.29412
10.328,0.9521,0.40371,0.55098,0.5902,0.30392
10.336,0.96676,0.40371,0.55098,0.58039,0.3098
10.344,0.98143,0.40274,0.56078,0.58039,0.32353
10.352,0.99022,0.40274,0.5549,0.57451,0.32941
10.36,1,0.40176,0.56078,0.57059,0.33529
10.368,1,0.40078,0.5451,0.57059,0.33529
10.376,1,0.40078,0.55098,0.57059,0.33529
10.384,1,0.40176,0.5451,0.58039,0.32353
10.392,1,0.40078,0.55098,0.58431,0.31961
10.4,1,0.3998,0.5451,0.5902,0.3098
10.408,1,0.39785,0.52941,0.5902,0.3
10.416,1,0.39589,0.51961,0.59608,0.29412
10.424,1,0.39394,0.53529,0.59608,0.3
10.432,1,0.39198,0.56471,0.5902,0.3098
10.44,1,0.39198,0.6098,0.5902,0.31373
10.448,1,0.39296,0.64118,0.58039,0.32353
10.456,1,0.39589,0.66471,0.57451,0.32941
10.464,1,0.40274,0.67059,0.57059,0.32941
10.472,1,0.41056,0.6451,0.57059,0.32353
10.48,1,0.42033,0.6,0.58039,0.30392
10.488,1,0.43304,0.56471,0.58039,0.30392
10.496,1,0.44966,0.5451,0.57059,0.31373
10.504,1,0.46823,0.52549,0.56471,0.33529
10.512,1,0.4868,0.52549,0.56471,0.3451
10.52,1,0.5044,0.52941,0.57059,0.33529
10.528,1,0.52004,0.5451,0.56078,0.34902
10.536,1,0.53372,0.5549,0.57451,0.32941
10.544,1,0.54545,0.56471,0.57059,0.33922
10.552,1,0.55425,0.55098,0.57059,0.32941
10.56,1,0.56207,0.53922,0.57059,0.33922
10.568,1,0.56696,0.58431,0.58431,0.3
10.576,1,0.56989,0.6549,0.6098,0.2549
10.584,1,0.57087,0.5098,0.38431,0.66078
10.592,1,0.57185,-0.047059,-0.14706,1.5039
10.6,1,0.57185,-0.50196,-0.38824,1.5039
10.608,1,0.56989,-0.30784,0.058824,1.4569
10.616,1,0.56696,0.2549,0.52549,0.50588
10.624,1,0.56109,0.46078,0.58039,0.34902
10.632,1,0.55425,0.49412,0.55098,0.36471
10.64,1,0.5435,0.51961,0.5549,0.3451
10.648,1,0.53177,0.52941,0.56078,0.33529
10.656,1,0.52004,0.5451,0.57059,0.31961
10.664,1,0.50733,0.55098,0.57059,0.3098
10.672,1,0.49853,0.52549,0.5549,0.32941
10.68,1,0.49267,0.50588,0.5549,0.33529
10.688,1,0.4868,0.49412,0.5451,0.3549
10.696,1,0.48192,0.5,0.5451,0.35882
10.704,1,0.47801,0.5098,0.53922,0.36471
10.712,1,0.47605,0.50588,0.52941,0.37451
10.72,1,0.47507,0.5,0.51569,0.39412
10.728,1,0.47312,0.4902,0.50588,0.4098
10.736,1,0.47019,0.49412,0.5098,0.40392
10.744,1,0.46823,0.4902,0.4902,0.44902
10.752,1,0.46432,0.48431,0.47451,0.46078
10.76,1,0.46041,0.4902,0.4549,0.5
10.768,1,0.4565,0.47451,0.42941,0.53529
10.776,1,0.45259,0.48039,0.40392,0.57451
10.784,0.99413,0.44868,0.47059,0.38039,0.61569
10.792,0.98729,0.44379,0.46471,0.3451,0.67059
10.8,0.96579,0.43988,0.4549,0.31373,0.71569
10.808,0.9433,0.435,0.46078,0.2902,0.7549
10.816,0.92278,0.43011,0.44902,0.27843,0.77647
10.824,0.90323,0.4262,0.46471,0.28431,0.76667
10.832,0.88172,0.42229,0.46471,0.27451,0.78039
10.84,0.86119,0.41935,0.47451,0.29412,0.74118
10.848,0.84066,0.41642,0.47059,0.32941,0.6902
10.856,0.81916,0.41447,0.47451,0.37451,0.61961
10.864,0.80059,0.41153,0.47451,0.41569,0.56078
10.872,0.78201,0.40958,0.48431,0.4549,0.49412
10.88,0.76442,0.4086,0.4902,0.49412,0.43922
10.888,0.7478,0.40665,0.5,0.51569,0.40392
10.896,0.73118,0.40371,0.50588,0.53529,0.37451
10.904,0.71554,0.40274,0.51569,0.5549,0.3451
10.912,0.6999,0.40176,0.51961,0.56078,0.33922
10.92,0.68426,0.40078,0.51569,0.56471,0.32941
10.928,0.66862,0.40078,0.51961,0.57059,0.32353
10.936,0.65396,0.40078,0.52549,0.57059,0.31961
10.944,0.63832,0.40176,0.52941,0.57059,0.32353
10.952,0.62366,0.40078,0.51961,0.5549,0.34902
10.96,0.60997,0.40078,0.52549,0.5549,0.34902
10.968,0.59629,0.40078,0.51961,0.55098,0.35882
10.976,0.5826,0.3998,0.51961,0.5451,0.37451
10.984,0.56989,0.39883,0.51961,0.5451,0.37059
10.992,0.55621,0.39785,0.51961,0.53529,0.38039
11,0.54154,0.39785,0.51961,0.53529,0.38431
11.008,0.52688,0.39687,0.51961,0.53529,0.3902
11.016,0.51124,0.39687,0.51569,0.52941,0.3902
11.024,0.49658,0.39687,0.5098,0.51961,0.4
11.032,0.48192,0.39589,0.50588,0.53922,0.38039
11.04,0.46823,0.39492,0.5098,0.5451,0.37451
11.048,0.45455,0.39394,0.5098,0.53922,0.36471
11.056,0.44086,0.39296,0.5098,0.53922,0.37451
11.064,0.4262,0.39198,0.51569,0.5451,0.36471
11.072,0.41153,0.39296,0.52941,0.52549,0.38431
11.08,0.39687,0.39589,0.55098,0.51961,0.40392
11.088,0.38319,0.40078,0.58039,0.51569,0.4
11.096,0.37048,0.40958,0.5902,0.51961,0.3902
11.104,0.35777,0.42229,0.58039,0.5098,0.40392
11.112,0.34604,0.43891,0.55098,0.51961,0.38431
11.12,0.33627,0.45943,0.52941,0.53529,0.34902
11.128,0.32649,0.48192,0.5,0.53922,0.34902
11.136,0.31867,0.50342,0.48039,0.5451,0.3549
11.144,0.31085,0.52493,0.46471,0.53922,0.37059
11.152,0.30694,0.5435,0.46078,0.5451,0.36471
11.16,0.30205,0.55914,0.47451,0.53922,0.37059
11.168,0.3001,0.56891,0.4902,0.55098,0.3549
11.176,0.29814,0.57576,0.5,0.56078,0.33922
11.184,0.29814,0.58065,0.4902,0.56471,0.3451
11.192,0.29717,0.58358,0.5,0.56471,0.33922
11.2,0.29717,0.58553,0.49412,0.56078,0.3451
11.208,0.29717,0.58651,0.5902,0.5902,0.27843
11.216,0.29912,0.58553,0.61569,0.59608,0.26863
11.224,0.30205,0.58358,0.30392,0.21961,0.97059
11.232,0.30499,0.58162,-0.39216,-0.30784,1.5039
11.24,0.3089,0.57869,-0.50196,-0.39804,1.5039
11.248,0.31281,0.57576,-0.17255,0.26863,1.0275
11.256,0.31574,0.57185,0.27451,0.51961,0.4902
11.264,0.31769,0.56598,0.41569,0.52549,0.42549
11.272,0.32063,0.56012,0.48039,0.51961,0.4
11.28,0.3216,0.55327,0.51569,0.52941,0.37451
11.288,0.32356,0.5435,0.5451,0.5451,0.34902
11.296,0.32454,0.53177,0.5549,0.5451,0.33529
11.304,0.32551,0.52004,0.5451,0.5451,0.3451
11.312,0.32551,0.51026,0.53529,0.52941,0.37451
11.32,0.32551,0.50244,0.5451,0.53922,0.34902
11.328,0.32356,0.4956,0.53529,0.52941,0.35882
11.336,0.32258,0.49169,0.52941,0.51961,0.37451
11.344,0.32063,0.48974,0.53529,0.52549,0.38039
11.352,0.31965,0.4868,0.53529,0.51569,0.38431
11.36,0.31769,0.48485,0.53922,0.5,0.39412
11.368,0.31574,0.48387,0.52549,0.5,0.4098
11.376,0.31281,0.48192,0.52941,0.5,0.41569
11.384,0.31085,0.48094,0.52941,0.48431,0.43922
11.392,0.30694,0.47801,0.53529,0.47059,0.46078
11.4,0.30401,0.4741,0.52549,0.44902,0.48039
11.408,0.30205,0.47116,0.52549,0.42549,0.52549
11.416,0.29912,0.46725,0.51961,0.40392,0.57059
11.424,0.29717,0.46334,0.53529,0.37451,0.6098
11.432,0.29521,0.46041,0.52549,0.3451,0.66078
11.44,0.29423,0.4565,0.52941,0.31961,0.7
11.448,0.29228,0.45161,0.53529,0.30392,0.72157
11.456,0.2913,0.4477,0.52941,0.2902,0.73529
11.464,0.29032,0.44282,0.53922,0.29412,0.73529
11.472,0.28935,0.43793,0.5451,0.3,0.72549
11.48,0.28837,0.43402,0.53529,0.32353,0.6902
11.488,0.28739,0.43011,0.52941,0.34902,0.65098
11.496,0.28641,0.42522,0.51569,0.3902,0.5902
11.504,0.28641,0.42326,0.51569,0.42941,0.53529
11.512,0.28543,0.42131,0.51569,0.46471,0.48039
11.52,0.28446,0.42131,0.51961,0.5,0.43529
11.528,0.28446,0.42033,0.51961,0.52549,0.39412
11.536,0.28348,0.42033,0.51961,0.53922,0.37059
11.544,0.2825,0.41935,0.52549,0.5451,0.3549
11.552,0.28055,0.41838,0.51961,0.5549,0.34902
11.56,0.27957,0.41838,0.53529,0.55098,0.3451
11.568,0.27566,0.41838,0.53529,0.55098,0.3549
11.576,0.27273,0.41838,0.53922,0.5549,0.34902
11.584,0.26784,0.41838,0.53922,0.5451,0.36471
11.592,0.26295,0.41935,0.53922,0.5451,0.37059
11.6,0.25806,0.41935,0.53529,0.5451,0.37451
11.608,0.25318,0.41935,0.53922,0.5451,0.37059
11.616,0.24731,0.41935,0.53529,0.53922,0.37451
11.624,0.24145,0.41935,0.53922,0.53922,0.37451
11.632,0.23363,0.41838,0.53529,0.53529,0.38039
11.64,0.22581,0.4174,0.53529,0.52941,0.3902
11.648,0.21799,0.41642,0.52549,0.52941,0.39412
11.656,0.20919,0.41447,0.52941,0.52941,0.39412
11.664,0.20137,0.41349,0.51961,0.52941,0.4
11.672,0.19257,0.41153,0.52549,0.52941,0.4
11.68,0.18475,0.41153,0.51961,0.53529,0.38431
11.688,0.17791,0.41056,0.52549,0.53922,0.37451
11.696,0.16813,0.41153,0.52941,0.5451,0.37451
11.704,0.15934,0.41349,0.5451,0.55098,0.37059
11.712,0.14956,0.4174,0.56078,0.51961,0.40392
11.72,0.13978,0.42424,0.58039,0.51569,0.42549
11.728,0.13001,0.43402,0.5902,0.51569,0.4098
11.736,0.12023,0.4477,0.59608,0.51961,0.40392
11.744,0.11144,0.46628,0.56471,0.52549,0.38431
11.752,0.10362,0.48778,0.5451,0.5451,0.3549
11.76,0.096774,0.50929,0.51569,0.55098,0.3549
11.768,0.089932,0.52786,0.4902,0.5451,0.3549
11.776,0.085044,0.54252,0.47451,0.53922,0.37451
11.784,0.081134,0.55718,0.47059,0.5451,0.38039
11.792,0.078201,0.56989,0.47451,0.5451,0.37451
11.8,0.075269,0.57967,0.48431,0.5451,0.38039
11.808,0.073314,0.58847,0.49412,0.5549,0.36471
11.816,0.072336,0.59531,0.4902,0.5549,0.37059
11.824,0.071359,0.6002,0.49412,0.5451,0.38431
11.832,0.071359,0.60215,0.4902,0.53922,0.4
11.84,0.071359,0.60313,0.57059,0.57059,0.34902
11.848,0.071359,0.60411,0.61961,0.52549,0.31961
11.856,0.071359,0.60411,0.39412,0.24902,0.90588
11.864,0.071359,0.60313,-0.25294,-0.26667,1.5039
11.872,0.070381,0.60117,-0.50196,-0.40196,1.5039
11.88,0.070381,0.59824,-0.21765,0.2098,1.1569
11.888,0.069404,0.59335,0.25882,0.51961,0.5098
11.896,0.068426,0.58651,0.42549,0.52941,0.4451
11.904,0.067449,0.57674,0.4902,0.5098,0.43529
11.912,0.066471,0.56598,0.52549,0.51569,0.41569
11.92,0.064516,0.55523,0.5549,0.52549,0.39412
11.928,0.063539,0.54252,0.57451,0.5451,0.36471
11.936,0.062561,0.53079,0.57451,0.55098,0.3549
11.944,0.060606,0.52004,0.56471,0.52941,0.38039
11.952,0.058651,0.51026,0.5549,0.51961,0.40392
11.96,0.056696,0.50342,0.56078,0.52549,0.3902
11.968,0.054741,0.49951,0.5451,0.51961,0.40392
11.976,0.052786,0.4956,0.5451,0.50588,0.42549
11.984,0.049853,0.49267,0.53922,0.5,0.42941
11.992,0.047898,0.48974,0.5451,0.5,0.42941
12,0.045943,0.4868,0.53529,0.49412,0.4451
12.008,0.043988,0.48387,0.53922,0.4902,0.44902
12.016,0.042033,0.48094,0.53922,0.47451,0.47059
12.024,0.041056,0.47898,0.5451,0.47059,0.48431
12.032,0.039101,0.47507,0.53529,0.4451,0.5098
12.04,0.037146,0.47214,0.52941,0.42941,0.5451
12.048,0.036168,0.46921,0.53529,0.4098,0.58431
12.056,0.035191,0.4653,0.53529,0.36471,0.64118
12.064,0.035191,0.46139,0.51961,0.3451,0.67647
12.072,0.035191,0.45846,0.51961,0.31961,0.71569
12.08,0.035191,0.45552,0.51961,0.29412,0.7451
12.088,0.036168,0.45161,0.51961,0.28431,0.7549
12.096,0.037146,0.44868,0.51961,0.3,0.7549
12.104,0.038123,0.44477,0.51961,0.3,0.74118
12.112,0.040078,0.43988,0.5,0.31961,0.7098
12.12,0.043011,0.435,0.5,0.3549,0.65098
12.128,0.045943,0.43011,0.4902,0.4,0.58431
12.136,0.048876,0.4262,0.48431,0.43922,0.52549
12.144,0.052786,0.42229,0.5,0.48431,0.47059
12.152,0.056696,0.41935,0.5,0.5098,0.42549
12.16,0.061584,0.4174,0.51569,0.53922,0.38039
12.168,0.066471,0.4174,0.51961,0.5451,0.37059
12.176,0.072336,0.41838,0.51961,0.5549,0.34902
12.184,0.079179,0.41935,0.52549,0.57059,0.33529
12.192,0.086999,0.41935,0.53529,0.57451,0.32353
12.2,0.094819,0.42033,0.52941,0.57059,0.32941
12.208,0.10362,0.41935,0.51961,0.57451,0.32941
12.216,0.11241,0.41838,0.5098,0.57451,0.32353
12.224,0.12219,0.41642,0.5098,0.56078,0.33529
12.232,0.13196,0.41349,0.5,0.5549,0.33922
12.24,0.14174,0.41153,0.5098,0.5549,0.34902
12.248,0.15152,0.40958,0.51961,0.55098,0.3549
12.256,0.16031,0.40665,0.53529,0.56078,0.3549
12.264,0.16911,0.40469,0.52549,0.5549,0.3549
12.272,0.17889,0.40371,0.51961,0.55098,0.35882
12.28,0.18768,0.40371,0.51961,0.56078,0.3549
12.288,0.19746,0.40274,0.52941,0.5549,0.3451
12.296,0.20626,0.40274,0.52549,0.57059,0.33529
12.304,0.21505,0.40274,0.51961,0.56471,0.3451
12.312,0.22483,0.40274,0.52549,0.57059,0.33529
12.32,0.23265,0.40176,0.51961,0.57451,0.32353
12.328,0.24145,0.40078,0.51961,0.57059,0.33529
12.336,0.25122,0.40176,0.53922,0.56471,0.34902
12.344,0.26197,0.40274,0.55098,0.56471,0.34902
12.352,0.27273,0.40665,0.57059,0.55098,0.35882
12.36,0.28348,0.41349,0.58431,0.5451,0.34902
12.368,0.29619,0.42131,0.57059,0.55098,0.3451
12.376,0.3089,0.43206,0.53922,0.5451,0.32941
12.384,0.3216,0.44673,0.5,0.57059,0.3098
12.392,0.33529,0.4653,0.48431,0.57451,0.30392
12.4,0.34897,0.48583,0.47059,0.56471,0.32353
12.408,0.36168,0.50538,0.46471,0.57451,0.31961
12.416,0.37537,0.52493,0.46078,0.57059,0.32941
12.424,0.38807,0.54154,0.47059,0.57059,0.32353
12.432,0.40274,0.55523,0.47059,0.58039,0.31373
12.44,0.41838,0.56598,0.47451,0.58431,0.3098
12.448,0.43402,0.57283,0.47059,0.5902,0.30392
12.456,0.45064,0.57576,0.47451,0.58431,0.3098
12.464,0.46628,0.57674,0.47451,0.57451,0.30392
12.472,0.48192,0.57674,0.57059,0.6098,0.24902
12.48,0.49658,0.57674,0.58431,0.49412,0.44902
12.488,0.51124,0.57674,0.22353,0.084314,1.2275
12.496,0.52688,0.57674,-0.38824,-0.38235,1.5039
12.504,0.54252,0.57674,-0.50196,-0.17255,1.5039
12.512,0.55914,0.57478,0.043137,0.42549,0.75098
12.52,0.57576,0.57185,0.39412,0.61569,0.31961
12.528,0.5914,0.565,0.4549,0.58039,0.3098
12.536,0.60802,0.55523,0.48039,0.57451,0.32941
12.544,0.62463,0.5435,0.49412,0.57059,0.31373
12.552,0.64027,0.53079,0.51569,0.58039,0.2902
12.56,0.65494,0.51711,0.51961,0.58431,0.29412
12.568,0.66862,0.50635,0.51961,0.58039,0.3
12.576,0.68133,0.49658,0.51569,0.57059,0.3098
12.584,0.69404,0.4868,0.5,0.56078,0.31373
12.592,0.70674,0.47801,0.4902,0.56471,0.32353
12.6,0.71945,0.47214,0.48039,0.56471,0.32941
12.608,0.73216,0.46823,0.4902,0.56078,0.33529
12.616,0.74487,0.46628,0.4902,0.5451,0.34902
12.624,0.7566,0.46334,0.49412,0.53922,0.37059
12.632,0.76833,0.46139,0.48039,0.52941,0.36471
12.64,0.78006,0.45943,0.48039,0.53529,0.38431
12.648,0.79179,0.4565,0.48431,0.50588,0.41569
12.656,0.80352,0.45357,0.48431,0.47059,0.4549
12.664,0.81623,0.44966,0.4902,0.46078,0.4902
12.672,0.82991,0.44575,0.48039,0.42549,0.52549
12.68,0.84262,0.44184,0.47059,0.39412,0.5902
12.688,0.8563,0.43793,0.4549,0.35882,0.6549
12.696,0.86999,0.43402,0.46078,0.33529,0.69608
12.704,0.88465,0.43011,0.48039,0.30392,0.73529
12.712,0.89834,0.4262,0.4902,0.2902,0.76078
12.72,0.91105,0.42326,0.5098,0.28431,0.78039
12.728,0.92473,0.41935,0.51569,0.3098,0.74118
12.736,0.93646,0.4174,0.51961,0.32941,0.70588
12.744,0.94917,0.41447,0.5098,0.3451,0.66471
12.752,0.96188,0.41153,0.5,0.38431,0.60588
12.76,0.97556,0.40958,0.49412,0.43922,0.5098
12.768,0.98827,0.40762,0.48431,0.47451,0.4549
12.776,1,0.40567,0.47451,0.52549,0.40392
12.784,1,0.40469,0.46078,0.56078,0.3451
12.792,1,0.40371,0.47451,0.57059,0.31373
12.8,1,0.40371,0.44902,0.58431,0.3
12.808,1,0.40274,0.42549,0.57451,0.3098
12.816,1,0.40274,0.4098,0.59608,0.28431
12.824,1,0.40274,0.41961,0.58431,0.3
12.832,1,0.40274,0.43922,0.5902,0.2902
12.84,1,0.40176,0.48039,0.58431,0.30392
12.848,1,0.40078,0.51569,0.60588,0.28431
12.856,1,0.3998,0.56471,0.5902,0.3098
12.864,1,0.39883,0.59608,0.58431,0.3098
12.872,1,0.39883,0.6098,0.57451,0.32941
12.88,1,0.40078,0.58431,0.57059,0.33529
12.888,1,0.40274,0.56471,0.56078,0.3549
12.896,1,0.40469,0.57059,0.57059,0.34902
12.904,1,0.40567,0.53922,0.5549,0.3451
12.912,1,0.40665,0.51569,0.56471,0.35882
12.92,1,0.40665,0.5098,0.56078,0.33922
12.928,1,0.40567,0.49412,0.57059,0.33529
12.936,1,0.40371,0.48039,0.56078,0.34902
12.944,1,0.40176,0.46471,0.53922,0.37451
12.952,1,0.39883,0.47451,0.56078,0.33922
12.96,1,0.39687,0.47059,0.57451,0.32941
12.968,1,0.39589,0.47451,0.58039,0.32353
12.976,1,0.39589,0.5,0.55098,0.35882
12.984,1,0.39785,0.5451,0.53529,0.38431
12.992,1,0.40078,0.57059,0.52941,0.38039
13,1,0.40567,0.60588,0.55098,0.36471
13.008,1,0.41447,0.61569,0.53922,0.37451
13.016,1,0.42717,0.60588,0.5549,0.33529
13.024,1,0.44379,0.58431,0.57059,0.31961
13.032,1,0.46432,0.57059,0.5549,0.34902
13.04,1,0.4868,0.58431,0.58039,0.31961
13.048,1,0.51026,0.57059,0.57451,0.32353
13.056,1,0.53372,0.5549,0.5549,0.34902
13.064,1,0.55327,0.5451,0.56471,0.33922
13.072,1,0.56891,0.53922,0.58039,0.31961
13.08,1,0.5826,0.51961,0.5902,0.3098
13.088,1,0.59335,0.4902,0.56471,0.3451
13.096,1,0.6002,0.47059,0.57059,0.3549
13.104,1,0.60508,0.5,0.56471,0.32353
13.112,1,0.60704,0.56078,0.59608,0.2902
13.12,1,0.60802,0.4098,0.30392,0.80588
13.128,1,0.60606,-0.076471,-0.23725,1.5039
13.136,1,0.60215,-0.50196,-0.46863,1.5039
13.144,1,0.59726,-0.21176,0.052941,1.4725
13.152,1,0.59042,0.3451,0.5451,0.4902
13.16,1,0.5826,0.5549,0.6,0.3451
13.168,1,0.57478,0.59608,0.53922,0.38431
13.176,1,0.56598,0.62549,0.55098,0.3549
13.184,1,0.55523,0.64118,0.56078,0.3451
13.192,1,0.54448,0.64118,0.57059,0.33529
13.2,1,0.53372,0.64118,0.56471,0.33529
13.208,1,0.52493,0.61961,0.55098,0.34902
13.216,1,0.51711,0.57451,0.5549,0.3451
13.224,1,0.50929,0.53922,0.53922,0.3549
13.232,1,0.5044,0.50588,0.53529,0.37451
13.24,1,0.50244,0.49412,0.52941,0.38431
13.248,1,0.50147,0.47451,0.51961,0.4
13.256,1,0.50049,0.4549,0.5,0.42941
13.264,1,0.50049,0.43922,0.49412,0.4451
13.272,1,0.49951,0.43529,0.48039,0.47451
13.28,1,0.49951,0.43922,0.46471,0.5
13.288,1,0.49951,0.44902,0.44902,0.52549
13.296,1,0.49951,0.46471,0.42941,0.5549
13.304,1,0.49951,0.47451,0.4098,0.59608
13.312,1,0.49951,0.46471,0.38431,0.64118
13.32,1,0.49951,0.46078,0.35882,0.68039
13.328,1,0.49951,0.44902,0.32941,0.73529
13.336,1,0.49951,0.4549,0.29412,0.78627
13.344,1,0.49951,0.47059,0.27451,0.80588
13.352,1,0.49951,0.4902,0.27451,0.80588
13.36,1,0.49951,0.50588,0.26863,0.8
13.368,1,0.49951,0.52549,0.27843,0.78627
13.376,1,0.49756,0.5451,0.30392,0.7451
13.384,1,0.49462,0.56471,0.33529,0.69608
13.392,1,0.49071,0.58431,0.38039,0.62941
13.4,1,0.4868,0.58431,0.41961,0.57059
13.408,1,0.48192,0.5902,0.4549,0.5098
13.416,1,0.47801,0.59608,0.49412,0.4549
13.424,1,0.4741,0.60588,0.51961,0.41569
13.432,1,0.47116,0.5902,0.5451,0.38431
13.44,1,0.46725,0.5902,0.55098,0.36471
13.448,1,0.46334,0.5902,0.5549,0.36471
13.456,1,0.45846,0.5902,0.56078,0.3549
13.464,1,0.45552,0.58039,0.5549,0.36471
13.472,1,0.45357,0.58039,0.56078,0.3549
13.48,1,0.45259,0.57451,0.56078,0.36471
13.488,1,0.45161,0.5902,0.5451,0.38039
13.496,1,0.45064,0.5902,0.5451,0.38039
13.504,1,0.44966,0.6,0.53529,0.39412
13.512,1,0.44673,0.59608,0.52549,0.40392
13.52,1,0.44282,0.59608,0.51569,0.41961
13.528,1,0.43988,0.5902,0.5098,0.42549
13.536,1,0.435,0.58431,0.5098,0.42941
13.544,1,0.43109,0.57451,0.5098,0.43529
13.552,1,0.4262,0.57059,0.5098,0.43922
13.56,1,0.42326,0.56078,0.5098,0.42941
13.568,1,0.42131,0.5451,0.51569,0.42549
13.576,1,0.41935,0.53922,0.51961,0.41569
13.584,1,0.4174,0.53529,0.51961,0.4098
13.592,1,0.41447,0.53922,0.52941,0.39412
13.6,1,0.41251,0.51961,0.53529,0.4
13.608,1,0.40958,0.51961,0.52941,0.39412
13.616,1,0.4086,0.52941,0.51961,0.4
13.624,1,0.4086,0.55098,0.5098,0.42549
13.632,0.9697,0.41153,0.57059,0.51569,0.42549
13.64,0.93939,0.41544,0.58431,0.5098,0.42549
13.648,0.90323,0.42229,0.57059,0.50588,0.41961
13.656,0.86706,0.43304,0.5451,0.51961,0.39412
13.664,0.82893,0.44379,0.50588,0.53529,0.37451
13.672,0.79081,0.4565,0.48431,0.52941,0.38039
13.68,0.75562,0.47312,0.46078,0.53529,0.3902
13.688,0.72043,0.48974,0.4549,0.52549,0.40392
13.696,0.68817,0.5044,0.44902,0.53529,0.3902
13.704,0.65494,0.51808,0.46078,0.53922,0.38431
13.712,0.62268,0.52981,0.46471,0.5451,0.38039
13.72,0.59042,0.53861,0.47451,0.5451,0.37059
13.728,0.55816,0.54545,0.47059,0.55098,0.37059
13.736,0.52688,0.55034,0.46471,0.5451,0.37451
13.744,0.49853,0.5523,0.47059,0.5451,0.37451
13.752,0.47116,0.5523,0.57451,0.59608,0.27451
13.76,0.44673,0.55034,0.58431,0.51961,0.4098
13.768,0.42229,0.54839,0.18431,0.14314,1.1314
13.776,0.39883,0.5435,-0.50196,-0.36667,1.5039
13.784,0.37537,0.53763,-0.50196,-0.38824,1.5039
13.792,0.35386,0.52981,-0.047059,0.3451,0.88039
13.8,0.33138,0.51906,0.31373,0.53922,0.43922
13.808,0.31183,0.50733,0.41569,0.51569,0.42549
13.816,0.29228,0.49462,0.44902,0.5098,0.41961
13.824,0.27468,0.48094,0.48431,0.52549,0.38431
13.832,0.25709,0.46725,0.50588,0.55098,0.3451
13.84,0.2434,0.45552,0.51569,0.56078,0.32941
13.848,0.22874,0.44477,0.4902,0.55098,0.33922
13.856,0.21799,0.435,0.48431,0.5451,0.3549
13.864,0.20626,0.42815,0.47451,0.53922,0.3549
13.872,0.19648,0.42424,0.47451,0.52941,0.37059
13.88,0.18573,0.42033,0.47451,0.52549,0.38039
13.888,0.17693,0.4174,0.48039,0.51961,0.3902
13.896,0.16813,0.41544,0.47059,0.51569,0.4
13.904,0.16129,0.41251,0.4549,0.50588,0.4098
13.912,0.15347,0.41056,0.46078,0.5,0.42549
13.92,0.14761,0.40958,0.47059,0.4902,0.4451
13.928,0.14174,0.4086,0.47451,0.47451,0.4549
13.936,0.13587,0.4086,0.47059,0.46471,0.48431
13.944,0.13099,0.4086,0.47451,0.44902,0.5098
13.952,0.1261,0.4086,0.47451,0.42549,0.5451
13.96,0.12121,0.40762,0.47059,0.4,0.5902
13.968,0.11632,0.40665,0.47059,0.36471,0.64118
13.976,0.11144,0.40567,0.46471,0.33529,0.6902
13.984,0.10753,0.40371,0.46078,0.30392,0.73137
13.992,0.10264,0.40176,0.46471,0.28431,0.7549
14,0.099707,0.3998,0.4549,0.27843,0.77059
14.008,0.097752,0.39883,0.47059,0.27451,0.76667
14.016,0.095797,0.39687,0.47059,0.2902,0.7451
14.024,0.093842,0.39394,0.47451,0.31961,0.70588
14.032,0.092864,0.39198,0.47059,0.35882,0.6451
14.04,0.090909,0.38905,0.47451,0.4,0.58039
14.048,0.088954,0.3871,0.46471,0.4451,0.5098
14.056,0.087977,0.38416,0.47059,0.4902,0.44902
14.064,0.086999,0.38319,0.46471,0.5098,0.40392
14.072,0.086022,0.38319,0.47451,0.52941,0.37451
14.08,0.086022,0.38416,0.47451,0.5549,0.3451
14.088,0.086022,0.38416,0.49412,0.56471,0.32941
14.096,0.086022,0.38514,0.49412,0.57059,0.31373
14.104,0.085044,0.38514,0.5098,0.57451,0.3098
14.112,0.084066,0.38612,0.5098,0.58039,0.3098
14.12,0.084066,0.38612,0.51961,0.57451,0.31373
14.128,0.082111,0.3871,0.51569,0.57059,0.31373
14.136,0.080156,0.3871,0.51961,0.57059,0.32941
14.144,0.078201,0.38807,0.51569,0.56471,0.33529
14.152,0.076246,0.38807,0.51569,0.5549,0.3451
14.16,0.073314,0.38807,0.5098,0.5549,0.34902
14.168,0.071359,0.38905,0.51569,0.55098,0.3549
14.176,0.067449,0.39003,0.51569,0.5549,0.3549
14.184,0.064516,0.39003,0.51569,0.5451,0.36471
14.192,0.059629,0.39003,0.50588,0.55098,0.3549
14.2,0.054741,0.39003,0.4902,0.5451,0.37451
14.208,0.048876,0.38807,0.48039,0.5451,0.36471
14.216,0.043011,0.38612,0.48039,0.5451,0.35882
14.224,0.037146,0.38416,0.48431,0.5451,0.3549
14.232,0.031281,0.38416,0.47451,0.55098,0.3549
14.24,0.024438,0.38514,0.48431,0.55098,0.3549
14.248,0.018573,0.38807,0.48039,0.55098,0.3549
14.256,0.01173,0.39296,0.5,0.5451,0.36471
14.264,0.0048876,0.3998,0.51961,0.52941,0.38039
14.272,0.001955,0.40958,0.5451,0.51961,0.40392
14.28,0,0.42424,0.5451,0.51961,0.39412
14.288,0,0.44282,0.55098,0.51961,0.38039
14.296,0,0.4653,0.5098,0.53529,0.35882
14.304,0,0.48778,0.5,0.55098,0.32353
14.312,0,0.51124,0.48039,0.56471,0.30392
14.32,0,0.53372,0.46078,0.5549,0.33529
14.328,0,0.55327,0.44902,0.56078,0.3451
14.336,0,0.56989,0.4549,0.5549,0.33922
14.344,0,0.5826,0.46471,0.56078,0.33529
14.352,0,0.59238,0.47451,0.57059,0.32353
14.36,0,0.59824,0.48431,0.57451,0.31373
14.368,0,0.60117,0.48039,0.57059,0.32353
14.376,0,0.60313,0.48039,0.56471,0.33529
14.384,0,0.60313,0.47451,0.56471,0.33529
14.392,0,0.60411,0.58039,0.59608,0.2549
14.4,0,0.60411,0.6098,0.6098,0.24902
14.408,0,0.60313,0.29412,0.26471,0.8902
14.416,0.00097752,0.6002,-0.43333,-0.29804,1.5039
14.424,0.0029325,0.59531,-0.50196,-0.36667,1.5039
14.432,0.0087977,0.5914,-0.17255,0.29412,0.98235
14.44,0.01564,0.58553,0.26863,0.52549,0.46078
14.448,0.020528,0.57869,0.3902,0.51961,0.41569
14.456,0.025415,0.57087,0.4549,0.52549,0.38431
14.464,0.029326,0.56305,0.49412,0.5451,0.34902
14.472,0.033236,0.55327,0.51961,0.5451,0.33529
14.48,0.036168,0.54252,0.52549,0.5549,0.31961
14.488,0.039101,0.53079,0.51569,0.5451,0.33529
14.496,0.041056,0.51808,0.5098,0.53922,0.34902
14.504,0.042033,0.50733,0.5,0.53529,0.3549
14.512,0.041056,0.49853,0.4902,0.51961,0.37451
14.52,0.041056,0.49169,0.48431,0.51569,0.38431
14.528,0.038123,0.48876,0.5,0.53529,0.36471
14.536,0.036168,0.4868,0.51961,0.52549,0.35882
14.544,0.033236,0.48583,0.50588,0.51961,0.38039
14.552,0.030303,0.48387,0.5098,0.50588,0.4
14.56,0.02737,0.48094,0.5,0.5,0.41569
14.568,0.024438,0.47801,0.50588,0.4902,0.43922
14.576,0.020528,0.47312,0.50588,0.47451,0.4549
14.584,0.016618,0.46921,0.5,0.4549,0.48431
14.592,0.01173,0.46432,0.50588,0.42941,0.52941
14.6,0.0068426,0.45943,0.5,0.40392,0.56471
14.608,0.0029325,0.45552,0.50588,0.37451,0.61569
14.616,0,0.45259,0.50588,0.33922,0.66078
14.624,0,0.44966,0.5098,0.31961,0.69608
14.632,0,0.44575,0.51569,0.30392,0.72157
14.64,0,0.44184,0.51961,0.3,0.73137
14.648,0,0.43793,0.51961,0.29412,0.73137
14.656,0,0.43304,0.53529,0.3098,0.7098
14.664,0,0.42913,0.51961,0.32941,0.68039
14.672,0,0.42522,0.51569,0.3549,0.6451
14.68,0,0.42229,0.50588,0.39412,0.58039
14.688,0,0.42033,0.5,0.42941,0.52941
14.696,0,0.41935,0.5,0.47059,0.48039
14.704,0,0.41838,0.50588,0.49412,0.43529
14.712,0,0.4174,0.5098,0.51569,0.4
14.72,0,0.41642,0.5098,0.53922,0.37059
14.728,0,0.41642,0.51569,0.5549,0.33922
14.736,0,0.41642,0.51961,0.56078,0.33529
14.744,0,0.41642,0.51961,0.5549,0.33529
14.752,0,0.41642,0.52941,0.56078,0.33529
14.76,0,0.41642,0.53529,0.56471,0.32353
14.768,0,0.4174,0.52549,0.55098,0.3451
14.776,0,0.41642,0.52549,0.55098,0.34902
14.784,0,0.41642,0.51961,0.5451,0.3451
14.792,0,0.41544,0.51569,0.55098,0.3549
14.8,0,0.41447,0.51569,0.5451,0.35882
14.808,0,0.41447,0.51961,0.5451,0.35882
14.816,0,0.41349,0.51961,0.55098,0.36471
14.824,0,0.41349,0.51961,0.5451,0.36471
14.832,0,0.41349,0.51569,0.53922,0.37451
14.84,0,0.41349,0.51569,0.5451,0.38039
14.848,0,0.41251,0.5098,0.5451,0.37451
14.856,0,0.41153,0.51569,0.53922,0.38039
14.864,0,0.40958,0.51569,0.5451,0.36471
14.872,0,0.4086,0.51961,0.55098,0.3549
14.88,0,0.40958,0.51569,0.55098,0.34902
14.888,0,0.41251,0.51569,0.5451,0.37059
14.896,0,0.41935,0.51961,0.53529,0.38431
14.904,0,0.42717,0.55098,0.51961,0.4
14.912,0,0.43793,0.56078,0.51961,0.40392
14.92,0,0.45161,0.57059,0.51961,0.39412
14.928,0,0.47019,0.56078,0.51961,0.38431
14.936,0,0.49071,0.53922,0.53922,0.3549
14.944,0,0.51124,0.50588,0.55098,0.33922
14.952,0,0.53177,0.4902,0.5451,0.3451
14.96,0,0.54839,0.46078,0.55098,0.3549
14.968,0,0.56109,0.47059,0.5451,0.35882
14.976,0,0.57283,0.47059,0.5451,0.3549
14.984,0,0.58358,0.47451,0.55098,0.3549
14.992,0,0.5914,0.4902,0.5549,0.3451
15,0,0.59824,0.49412,0.57059,0.33529
15.008,0,0.60313,0.48431,0.56471,0.33529
15.016,0,0.60802,0.48431,0.57059,0.32941
15.024,0,0.60997,0.49412,0.56471,0.33922
15.032,0,0.61095,0.6,0.6,0.25882
15.04,0,0.60997,0.61569,0.50588,0.42941
15.048,0,0.60704,0.20392,0.11961,1.1471
15.056,0,0.60313,-0.49804,-0.36667,1.5039
15.064,0,0.59922,-0.50196,-0.16275,1.5039
15.072,0,0.59335,-0.027451,0.40392,0.75098
15.08,0,0.58651,0.32941,0.56078,0.40392
15.088,0,0.57869,0.43529,0.53529,0.3902
15.096,0,0.57087,0.48039,0.52941,0.39412
15.104,0,0.56109,0.51569,0.53922,0.36471
15.112,0,0.55034,0.52941,0.55098,0.33529
15.12,0,0.54057,0.55098,0.55098,0.32941
15.128,0,0.53079,0.53922,0.5549,0.32941
15.136,0,0.52199,0.53529,0.5451,0.34902
15.144,0,0.51417,0.52549,0.53922,0.3549
15.152,0,0.50929,0.51961,0.53529,0.36471
15.16,0,0.50538,0.50588,0.51961,0.38431
15.168,0,0.50342,0.51961,0.52549,0.3902
15.176,0,0.50342,0.52549,0.51961,0.3902
15.184,0,0.50244,0.51961,0.50588,0.41569
15.192,0,0.49951,0.51569,0.5,0.42549
15.2,0,0.4956,0.51961,0.5,0.42941
15.208,0,0.49169,0.51961,0.48431,0.44902
15.216,0,0.4868,0.51961,0.47059,0.47059
15.224,0,0.48289,0.51961,0.44902,0.5
15.232,0,0.47801,0.51569,0.42549,0.53922
15.24,0,0.47312,0.51961,0.3902,0.58431
15.248,0,0.46921,0.5098,0.35882,0.63529
15.256,0,0.4653,0.51961,0.32941,0.67647
15.264,0,0.46237,0.51961,0.30392,0.71569
15.272,0,0.45943,0.52549,0.2902,0.74118
15.28,0,0.4565,0.51961,0.28431,0.7451
15.288,0,0.45259,0.52941,0.28431,0.7451
15.296,0,0.44868,0.51961,0.29412,0.73137
15.304,0,0.44477,0.51961,0.31961,0.7
15.312,0,0.44086,0.5,0.3451,0.66078
15.32,0,0.43597,0.5,0.37451,0.61569
15.328,0,0.43206,0.4902,0.40392,0.57059
15.336,0,0.42913,0.49412,0.43922,0.52549
15.344,0,0.4262,0.48431,0.4549,0.49412
15.352,0.00097752,0.42424,0.5,0.47451,0.46078
15.36,0.0058651,0.42326,0.50588,0.5,0.43529
15.368,0.01173,0.42326,0.5098,0.50588,0.42549
15.376,0.01564,0.42326,0.51569,0.51961,0.40392
15.384,0.020528,0.42326,0.5098,0.51961,0.4
15.392,0.025415,0.42424,0.51569,0.51961,0.4098
15.4,0.029326,0.42424,0.51961,0.51569,0.4098
15.408,0.032258,0.42424,0.51961,0.51961,0.41569
15.416,0.035191,0.42424,0.52549,0.51569,0.42549
15.424,0.037146,0.42326,0.53529,0.51961,0.41961
15.432,0.039101,0.42229,0.53529,0.51569,0.42549
15.44,0.040078,0.42131,0.53922,0.51961,0.41961
15.448,0.042033,0.42131,0.53529,0.51569,0.42549
15.456,0.042033,0.42131,0.5451,0.51961,0.41569
15.464,0.042033,0.42229,0.5549,0.51961,0.4098
15.472,0.041056,0.42326,0.56078,0.52549,0.40392
15.48,0.040078,0.42424,0.56078,0.52941,0.39412
15.488,0.038123,0.42424,0.56471,0.52941,0.39412
15.496,0.036168,0.42229,0.5549,0.53529,0.3902
15.504,0.033236,0.42131,0.5549,0.53922,0.38039
15.512,0.031281,0.42033,0.53922,0.5451,0.38039
15.52,0.028348,0.42033,0.53922,0.5451,0.36471
15.528,0.025415,0.42229,0.5451,0.5451,0.37451
15.536,0.021505,0.42424,0.56471,0.52941,0.39412
15.544,0.017595,0.42913,0.58431,0.51961,0.4
15.552,0.012708,0.43597,0.60588,0.52549,0.4
15.56,0.0078201,0.44575,0.6098,0.51961,0.39412
15.568,0.0039101,0.4565,0.5902,0.52549,0.38431
15.576,0,0.47312,0.57059,0.53922,0.35882
15.584,0,0.49071,0.53529,0.5451,0.3549
15.592,0,0.51026,0.51569,0.55098,0.3549
15.6,0,0.52884,0.5,0.5549,0.35882
15.608,0,0.54545,0.5,0.55098,0.36471
15.616,0,0.56012,0.5,0.56078,0.3549
15.624,0,0.57185,0.5098,0.5549,0.3549
15.632,0,0.57967,0.51569,0.57059,0.33529
15.64,0,0.58553,0.51961,0.57451,0.32941
15.648,0.0039101,0.58944,0.5098,0.57451,0.33529
15.656,0.0078201,0.59238,0.50588,0.57059,0.33529
15.664,0.012708,0.59238,0.53529,0.57451,0.3451
15.672,0.017595,0.59238,0.61569,0.6,0.26863
15.68,0.024438,0.59238,0.47451,0.36471,0.68039
15.688,0.030303,0.5914,-0.031373,-0.12745,1.5039
15.696,0.038123,0.58847,-0.50196,-0.34314,1.5039
15.704,0.045943,0.58456,-0.25294,0.14902,1.2824
15.712,0.055718,0.57869,0.26471,0.56078,0.44902
15.72,0.064516,0.57185,0.4451,0.6,0.32941
15.728,0.076246,0.56207,0.47451,0.56078,0.3451
15.736,0.086999,0.55132,0.5098,0.56471,0.32941
15.744,0.098729,0.53959,0.51961,0.56078,0.31961
15.752,0.11046,0.52786,0.53529,0.57451,0.30392
15.76,0.12219,0.51711,0.53922,0.56471,0.3
15.768,0.13294,0.50831,0.52549,0.56078,0.31373
15.776,0.1437,0.49951,0.51569,0.57059,0.31961
15.784,0.15445,0.49267,0.51569,0.56078,0.31373
15.792,0.1652,0.4868,0.50588,0.5549,0.32941
15.8,0.17595,0.48094,0.5,0.5549,0.33529
15.808,0.18671,0.47605,0.50588,0.55098,0.33529
15.816,0.19746,0.47312,0.50588,0.52941,0.35882
15.824,0.20723,0.47214,0.49412,0.53529,0.37451
15.832,0.21701,0.47019,0.4902,0.51961,0.39412
15.84,0.22581,0.46725,0.5,0.50588,0.40392
15.848,0.2346,0.46432,0.49412,0.4902,0.41961
15.856,0.24438,0.46237,0.50588,0.47059,0.4549
15.864,0.25415,0.45943,0.5,0.4451,0.49412
15.872,0.26491,0.45552,0.48431,0.42549,0.53529
15.88,0.27664,0.45259,0.47451,0.40392,0.57059
15.888,0.28837,0.44868,0.47451,0.37451,0.61961
15.896,0.3001,0.44477,0.46078,0.3451,0.66471
15.904,0.31281,0.44086,0.46471,0.31373,0.70588
15.912,0.32454,0.43597,0.4549,0.3098,0.71569
15.92,0.33627,0.43206,0.46078,0.30392,0.71569
15.928,0.34702,0.42913,0.46078,0.3098,0.7
15.936,0.35777,0.4262,0.47059,0.3451,0.66471
15.944,0.36852,0.42424,0.46471,0.35882,0.62941
15.952,0.38025,0.42229,0.47059,0.4,0.57451
15.96,0.39198,0.42229,0.46471,0.43922,0.5098
15.968,0.40469,0.42131,0.47451,0.48039,0.44902
15.976,0.41838,0.42033,0.48039,0.5098,0.40392
15.984,0.43109,0.41838,0.5,0.5451,0.35882
